Timestamp,Latitude,Longitude,#Responders,Police,Priority,Service Time
2014-06-01 00:00:00-05:00,41.771321641,-87.65549785299999,2,0,3,0 days 00:26:00
2014-06-01 00:00:00-05:00,41.78217371,-87.691040261,2,0,3,0 days 00:22:00
2014-06-01 00:00:00-05:00,41.910564993,-87.727573264,2,0,3,0 days 00:20:00
2014-06-01 00:00:00-05:00,41.776062536,-87.597317532,2,0,3,0 days 00:25:00
2014-06-01 00:00:00-05:00,41.93771624,-87.644322264,2,1,2,0 days 00:25:00
2014-06-01 00:00:00-05:00,41.957335697,-87.65047502,2,1,1,0 days 00:35:00
2014-06-01 00:00:00-05:00,41.880217478,-87.68992349999999,2,0,3,0 days 00:22:00
2014-06-01 00:00:00-05:00,41.861476693,-87.718936322,2,0,3,0 days 00:24:00
2014-06-01 00:00:00-05:00,41.839804007,-87.62796417700001,2,0,3,0 days 00:22:00
2014-06-01 00:00:00-05:00,41.744780695,-87.734909183,2,0,3,0 days 00:21:00
2014-06-01 00:00:00-05:00,41.713466007,-87.56889626700001,2,1,2,0 days 00:18:00
2014-06-01 00:00:00-05:00,41.810714710999996,-87.748132093,2,0,3,0 days 00:25:00
2014-06-01 00:00:00-05:00,41.845505511999995,-87.712380181,2,0,3,0 days 00:34:00
2014-06-01 00:00:00-05:00,41.758024384,-87.602922396,2,0,3,0 days 00:25:00
2014-06-01 00:00:00-05:00,41.767432015,-87.58125800100001,2,1,1,0 days 00:32:00
2014-06-01 00:00:00-05:00,41.697958905,-87.63098469399999,2,0,3,0 days 00:17:00
2014-06-01 00:00:00-05:00,41.786996174,-87.732778704,2,0,3,0 days 00:20:00
2014-06-01 00:00:00-05:00,41.830917641,-87.608064205,2,1,2,0 days 00:22:00
2014-06-01 00:00:00-05:00,41.930045215999996,-87.771065894,2,0,3,0 days 00:16:00
2014-06-01 00:00:00-05:00,41.908229163,-87.76950868799999,2,0,3,0 days 00:22:00
2014-06-01 00:00:00-05:00,41.744360194,-87.66935424200001,2,0,3,0 days 00:26:00
2014-06-01 00:00:00-05:00,41.91000536,-87.715759913,2,1,2,0 days 00:24:00
2014-06-01 00:00:00-05:00,41.773548022,-87.651914722,2,1,2,0 days 00:16:00
2014-06-01 00:00:00-05:00,41.945039683000005,-87.654774622,2,1,2,0 days 00:30:00
2014-06-01 00:00:00-05:00,41.988198299000004,-87.65532799799999,2,1,2,0 days 00:28:00
2014-06-01 00:00:00-05:00,41.94413189,-87.683326548,2,0,3,0 days 00:24:00
2014-06-01 00:00:00-05:00,41.808534768,-87.652813203,2,1,1,0 days 00:31:00
2014-06-01 00:00:00-05:00,41.866806267,-87.76925969,2,1,2,0 days 00:21:00
2014-06-01 00:00:00-05:00,41.789768569,-87.64990583299999,2,1,1,0 days 00:20:00
2014-06-01 00:00:00-05:00,41.961403626999996,-87.682783359,2,1,2,0 days 00:19:00
2014-06-01 00:00:00-05:00,42.007056440999996,-87.813676315,2,1,2,0 days 00:20:00
2014-06-01 00:01:00-05:00,41.84528672,-87.622127226,2,0,3,0 days 00:25:00
2014-06-01 00:01:00-05:00,41.886128441,-87.77485181899999,2,0,3,0 days 00:19:00
2014-06-01 00:01:00-05:00,41.776070798,-87.587957775,2,0,3,0 days 00:21:00
2014-06-01 00:01:00-05:00,41.902959846,-87.693019652,2,0,3,0 days 00:27:00
2014-06-01 00:01:00-05:00,41.77597876,-87.725131259,2,0,3,0 days 00:25:00
2014-06-01 00:01:00-05:00,41.924474033,-87.746310985,2,1,2,0 days 00:26:00
2014-06-01 00:01:00-05:00,41.890046233,-87.75633315799999,2,0,3,0 days 00:25:00
2014-06-01 00:01:00-05:00,41.824902067,-87.609346517,2,0,3,0 days 00:23:00
2014-06-01 00:01:00-05:00,41.924982411,-87.68181959299999,2,1,2,0 days 00:26:00
2014-06-01 00:01:00-05:00,41.883210375,-87.634335728,2,1,1,0 days 00:18:00
2014-06-01 00:01:00-05:00,41.778790073,-87.670282407,2,0,3,0 days 00:22:00
2014-06-01 00:01:00-05:00,41.895675136,-87.628569146,2,1,2,0 days 00:29:00
2014-06-01 00:01:00-05:00,41.75021037,-87.734129485,2,0,3,0 days 00:30:00
2014-06-01 00:01:00-05:00,41.850960828000005,-87.711314385,2,1,1,0 days 00:16:00
2014-06-01 00:01:00-05:00,41.961834539,-87.69848251200001,2,0,3,0 days 00:28:00
2014-06-01 00:01:00-05:00,41.80066446,-87.587441769,2,1,2,0 days 00:18:00
2014-06-01 00:01:00-05:00,41.771625448,-87.70608770700001,2,1,2,0 days 00:25:00
2014-06-01 00:01:00-05:00,41.87105277,-87.697013438,2,0,3,0 days 00:22:00
2014-06-01 00:01:00-05:00,41.742167934,-87.60207981100001,2,0,3,0 days 00:22:00
2014-06-01 00:01:00-05:00,41.764728045,-87.56127231200001,2,0,3,0 days 00:18:00
2014-06-01 00:01:00-05:00,41.812648644,-87.705368493,2,0,3,0 days 00:17:00
2014-06-01 00:01:00-05:00,41.799175522,-87.75637521200001,2,1,2,0 days 00:17:00
2014-06-01 00:01:00-05:00,41.947024743,-87.748203108,2,0,3,0 days 00:19:00
2014-06-01 00:06:00-05:00,41.936691891,-87.684221705,2,0,3,0 days 00:22:00
2014-06-01 00:10:00-05:00,41.747759816,-87.65609023100001,2,1,1,0 days 00:24:00
2014-06-01 00:10:00-05:00,41.858514770999996,-87.715194702,2,1,1,0 days 00:22:00
2014-06-01 00:11:00-05:00,41.751275763,-87.566227001,2,0,3,0 days 00:23:00
2014-06-01 00:13:00-05:00,41.851431838,-87.732257105,2,1,1,0 days 00:21:00
2014-06-01 00:15:00-05:00,41.885772579,-87.68226586200001,2,1,2,0 days 00:24:00
2014-06-01 00:15:00-05:00,41.72163234,-87.62398328299999,2,0,3,0 days 00:25:00
2014-06-01 00:15:00-05:00,41.946076436,-87.655609079,2,1,1,0 days 00:28:00
2014-06-01 00:15:00-05:00,41.873807522,-87.69445629,2,0,3,0 days 00:21:00
2014-06-01 00:15:00-05:00,41.922618689000004,-87.780541587,2,0,3,0 days 00:30:00
2014-06-01 00:20:00-05:00,41.985999837,-87.65526672700001,2,0,3,0 days 00:29:00
2014-06-01 00:21:00-05:00,41.765750089,-87.68195588,2,0,3,0 days 00:21:00
2014-06-01 00:23:00-05:00,41.893628633,-87.624224612,2,0,3,0 days 00:24:00
2014-06-01 00:25:00-05:00,41.775644605,-87.755563305,2,0,3,0 days 00:29:00
2014-06-01 00:30:00-05:00,41.814469747,-87.706674975,2,0,3,0 days 00:18:00
2014-06-01 00:30:00-05:00,41.927911512,-87.645298716,2,1,2,0 days 00:22:00
2014-06-01 00:30:00-05:00,41.765598286999996,-87.582434064,2,1,2,0 days 00:25:00
2014-06-01 00:35:00-05:00,41.845693141,-87.70751178,2,0,3,0 days 00:28:00
2014-06-01 00:40:00-05:00,41.67986213,-87.621956595,2,1,1,0 days 00:23:00
2014-06-01 00:45:00-05:00,41.700331713000004,-87.541342751,2,0,3,0 days 00:25:00
2014-06-01 00:45:00-05:00,41.936610195,-87.71977036,2,1,1,0 days 00:19:00
2014-06-01 00:45:00-05:00,41.843459341999996,-87.726958851,2,1,1,0 days 00:22:00
2014-06-01 00:50:00-05:00,41.940911366,-87.65413841200001,2,0,3,0 days 00:25:00
2014-06-01 00:50:00-05:00,41.81875236,-87.684706088,2,0,3,0 days 00:26:00
2014-06-01 01:00:00-05:00,41.801393686,-87.60572356600001,2,0,3,0 days 00:22:00
2014-06-01 01:00:00-05:00,41.873907046,-87.72543009299999,2,1,2,0 days 00:22:00
2014-06-01 01:00:00-05:00,41.764251681,-87.67473171799999,2,0,3,0 days 00:21:00
2014-06-01 01:00:00-05:00,41.712709251999996,-87.569410664,2,1,2,0 days 00:40:00
2014-06-01 01:00:00-05:00,41.941159717,-87.642866416,2,1,2,0 days 00:25:00
2014-06-01 01:00:00-05:00,41.755358678,-87.663560189,2,0,3,0 days 00:30:00
2014-06-01 01:00:00-05:00,41.736428017,-87.58521044,2,0,3,0 days 00:20:00
2014-06-01 01:00:00-05:00,41.751165500999996,-87.595483806,2,1,2,0 days 00:24:00
2014-06-01 01:00:00-05:00,41.96616085,-87.686937808,2,0,3,0 days 00:23:00
2014-06-01 01:00:00-05:00,41.905779197,-87.63167239299999,2,1,2,0 days 00:29:00
2014-06-01 01:00:00-05:00,41.890755538,-87.636346911,2,1,2,0 days 00:19:00
2014-06-01 01:00:00-05:00,41.80475662,-87.61947270200001,2,0,3,0 days 00:25:00
2014-06-01 01:00:00-05:00,41.844398866,-87.66060281,2,0,3,0 days 00:20:00
2014-06-01 01:02:00-05:00,41.959649829,-87.76051106,2,1,1,0 days 00:21:00
2014-06-01 01:02:00-05:00,41.93940018,-87.696426279,2,0,3,0 days 00:30:00
2014-06-01 01:04:00-05:00,41.940911366,-87.65413841200001,2,0,3,0 days 00:19:00
2014-06-01 01:08:00-05:00,41.857867092,-87.661907975,2,0,3,0 days 00:24:00
2014-06-01 01:14:00-05:00,41.783587113,-87.693515763,2,0,3,0 days 00:23:00
2014-06-01 01:15:00-05:00,41.8712144,-87.664132809,2,0,3,0 days 00:32:00
2014-06-01 01:15:00-05:00,41.744145372,-87.543043436,2,0,3,0 days 00:29:00
2014-06-01 01:15:00-05:00,41.900255688,-87.624180681,2,1,2,0 days 00:24:00
2014-06-01 01:19:00-05:00,41.889750676999995,-87.750518341,2,1,1,0 days 00:30:00
2014-06-01 01:20:00-05:00,41.885524927,-87.715422837,2,0,3,0 days 00:22:00
2014-06-01 01:20:00-05:00,41.890913953,-87.671470975,2,0,3,0 days 00:25:00
2014-06-01 01:25:00-05:00,41.888701814,-87.647570608,2,0,3,0 days 00:20:00
2014-06-01 01:25:00-05:00,41.748904498,-87.60759554,2,0,3,0 days 00:28:00
2014-06-01 01:27:00-05:00,41.915881734,-87.711871129,2,0,3,0 days 00:14:00
2014-06-01 01:29:00-05:00,41.909221001,-87.69329874399999,2,1,1,0 days 00:21:00
2014-06-01 01:30:00-05:00,41.895341888000004,-87.674591354,2,0,3,0 days 00:26:00
2014-06-01 01:30:00-05:00,41.765072771,-87.58474946700001,2,0,3,0 days 00:25:00
2014-06-01 01:30:00-05:00,41.90514772,-87.627146181,2,1,2,0 days 00:25:00
2014-06-01 01:30:00-05:00,41.67986213,-87.621956595,2,0,3,0 days 00:27:00
2014-06-01 01:35:00-05:00,41.744536265,-87.560568865,2,1,1,0 days 00:23:00
2014-06-01 01:35:00-05:00,41.798652448,-87.67443828299999,2,1,1,0 days 00:29:00
2014-06-01 01:40:00-05:00,41.946076436,-87.655609079,2,1,2,0 days 00:34:00
2014-06-01 01:45:00-05:00,41.758991404,-87.56602882799999,2,0,3,0 days 00:26:00
2014-06-01 01:50:00-05:00,41.751928332,-87.64407726399999,2,0,3,0 days 00:22:00
2014-06-01 01:50:00-05:00,41.782615834,-87.649717805,2,0,3,0 days 00:24:00
2014-06-01 01:52:00-05:00,41.909940034,-87.721499025,2,0,3,0 days 00:19:00
2014-06-01 01:55:00-05:00,41.800683430999996,-87.65746971799999,2,0,3,0 days 00:22:00
2014-06-01 02:00:00-05:00,41.758402556,-87.576133289,2,0,3,0 days 00:20:00
2014-06-01 02:00:00-05:00,41.878931004,-87.63958562100001,2,1,2,0 days 00:27:00
2014-06-01 02:00:00-05:00,41.944953005,-87.649416212,2,1,2,0 days 00:26:00
2014-06-01 02:00:00-05:00,41.690020449,-87.612076461,2,0,3,0 days 00:20:00
2014-06-01 02:00:00-05:00,41.750632815,-87.602738674,2,1,2,0 days 00:22:00
2014-06-01 02:00:00-05:00,41.74322795,-87.652667784,2,0,3,0 days 00:24:00
2014-06-01 02:00:00-05:00,41.777694703,-87.607128049,2,0,3,0 days 00:27:00
2014-06-01 02:00:00-05:00,41.896809311999995,-87.748984945,2,0,3,0 days 00:25:00
2014-06-01 02:00:00-05:00,41.855013654000004,-87.725583345,2,0,3,0 days 00:25:00
2014-06-01 02:00:00-05:00,41.874681159,-87.71979758299999,2,0,3,0 days 00:31:00
2014-06-01 02:00:00-05:00,41.916105645,-87.73018831,2,0,3,0 days 00:24:00
2014-06-01 02:00:00-05:00,41.878563277,-87.68709429,2,0,3,0 days 00:32:00
2014-06-01 02:10:00-05:00,41.902623602,-87.644864986,2,1,1,0 days 00:21:00
2014-06-01 02:11:00-05:00,41.935570221,-87.71927314,2,1,1,0 days 00:31:00
2014-06-01 02:15:00-05:00,41.931239693,-87.768979012,2,0,3,0 days 00:14:00
2014-06-01 02:15:00-05:00,41.943108594,-87.649366085,2,1,2,0 days 00:19:00
2014-06-01 02:15:00-05:00,41.915187259,-87.775425225,2,0,3,0 days 00:24:00
2014-06-01 02:22:00-05:00,41.867553163000004,-87.698377181,2,0,3,0 days 00:22:00
2014-06-01 02:24:00-05:00,41.791149816,-87.79276165700001,2,0,3,0 days 00:31:00
2014-06-01 02:25:00-05:00,41.721980334,-87.55521272,2,1,2,0 days 00:37:00
2014-06-01 02:26:00-05:00,41.8868367,-87.62735155200001,2,0,3,0 days 00:21:00
2014-06-01 02:30:00-05:00,41.764581624,-87.561127448,2,0,3,0 days 00:22:00
2014-06-01 02:30:00-05:00,41.90054619,-87.633511217,2,1,1,0 days 00:19:00
2014-06-01 02:30:00-05:00,41.898516209,-87.637246929,2,1,2,0 days 00:26:00
2014-06-01 02:30:00-05:00,41.855190551,-87.623871195,2,0,3,0 days 00:30:00
2014-06-01 02:30:00-05:00,41.743841062,-87.612797254,2,1,1,0 days 00:29:00
2014-06-01 02:30:00-05:00,41.907221245,-87.62562815700001,2,0,3,0 days 00:24:00
2014-06-01 02:30:00-05:00,41.821888873,-87.609784025,2,0,3,0 days 00:23:00
2014-06-01 02:38:00-05:00,41.921715143,-87.668606344,2,0,3,0 days 00:20:00
2014-06-01 02:40:00-05:00,41.807759468,-87.677095939,2,0,3,0 days 00:20:00
2014-06-01 02:40:00-05:00,41.886190872,-87.624527215,2,1,2,0 days 00:26:00
2014-06-01 02:45:00-05:00,41.766047651,-87.578975856,2,0,3,0 days 00:19:00
2014-06-01 02:45:00-05:00,41.965665255,-87.654791122,2,1,1,0 days 00:23:00
2014-06-01 02:45:00-05:00,41.769546206,-87.66394416700001,2,0,3,0 days 00:26:00
2014-06-01 02:45:00-05:00,41.956402325,-87.70320554700001,2,0,3,0 days 00:29:00
2014-06-01 02:49:00-05:00,41.911343842,-87.63471588,2,0,3,0 days 00:23:00
2014-06-01 02:53:00-05:00,41.932372448,-87.71964559700001,2,0,3,0 days 00:21:00
2014-06-01 03:00:00-05:00,41.75951895,-87.606647619,2,1,2,0 days 00:21:00
2014-06-01 03:00:00-05:00,41.93990164,-87.654626945,2,1,2,0 days 00:17:00
2014-06-01 03:00:00-05:00,41.777540014,-87.79025826700001,2,1,1,0 days 00:22:00
2014-06-01 03:00:00-05:00,41.980195988,-87.837830199,2,0,3,0 days 00:27:00
2014-06-01 03:00:00-05:00,41.92923068,-87.734265111,2,1,2,0 days 00:20:00
2014-06-01 03:00:00-05:00,41.837732058,-87.71460943,2,1,2,0 days 00:32:00
2014-06-01 03:00:00-05:00,41.980260193,-87.691763993,2,0,3,0 days 00:30:00
2014-06-01 03:00:00-05:00,41.886749185,-87.665480095,2,0,3,0 days 00:31:00
2014-06-01 03:00:00-05:00,41.93990164,-87.654626945,2,1,2,0 days 00:23:00
2014-06-01 03:00:00-05:00,41.744031957,-87.600457352,2,0,3,0 days 00:19:00
2014-06-01 03:00:00-05:00,41.883142371999995,-87.744034413,2,0,3,0 days 00:22:00
2014-06-01 03:07:00-05:00,41.691612891999995,-87.628560354,2,0,3,0 days 00:23:00
2014-06-01 03:08:00-05:00,41.966080891,-87.693730084,2,0,3,0 days 00:19:00
2014-06-01 03:15:00-05:00,41.894029262,-87.74895886600001,2,0,3,0 days 00:22:00
2014-06-01 03:19:00-05:00,41.849233321999996,-87.71005017600001,2,0,3,0 days 00:21:00
2014-06-01 03:20:00-05:00,41.911133846,-87.63719068200001,2,0,3,0 days 00:24:00
2014-06-01 03:20:00-05:00,41.957774727,-87.727736679,2,1,2,0 days 00:32:00
2014-06-01 03:30:00-05:00,41.775415691,-87.64710334600001,2,0,3,0 days 00:27:00
2014-06-01 03:30:00-05:00,41.707756212,-87.580708771,2,1,2,0 days 00:25:00
2014-06-01 03:30:00-05:00,41.776021888,-87.73123499399999,2,0,3,0 days 00:25:00
2014-06-01 03:30:00-05:00,41.776803934,-87.66049580399999,2,0,3,0 days 00:19:00
2014-06-01 03:30:00-05:00,41.834812854,-87.647559059,2,0,3,0 days 00:17:00
2014-06-01 03:36:00-05:00,41.691694625,-87.69023129700001,2,0,3,0 days 00:24:00
2014-06-01 03:40:00-05:00,41.994827709,-87.688571758,2,1,2,0 days 00:30:00
2014-06-01 03:40:00-05:00,41.922615889,-87.65836711,2,0,3,0 days 00:26:00
2014-06-01 03:40:00-05:00,42.002478305,-87.680282724,2,0,3,0 days 00:21:00
2014-06-01 03:43:00-05:00,41.91581378,-87.732619666,2,1,1,0 days 00:18:00
2014-06-01 03:45:00-05:00,41.690757699,-87.624267665,2,0,3,0 days 00:15:00
2014-06-01 03:45:00-05:00,41.898332998,-87.627463695,2,1,2,0 days 00:18:00
2014-06-01 03:45:00-05:00,41.779605651,-87.60165096700001,2,1,2,0 days 00:24:00
2014-06-01 03:45:00-05:00,41.779676534000004,-87.602871055,2,1,2,0 days 00:25:00
2014-06-01 03:48:00-05:00,41.874060099,-87.705924314,2,0,3,0 days 00:16:00
2014-06-01 03:54:00-05:00,41.800631337,-87.644083715,2,1,2,0 days 00:27:00
2014-06-01 03:55:00-05:00,41.957462528,-87.747427476,2,0,3,0 days 00:21:00
2014-06-01 04:00:00-05:00,41.904163293,-87.746717481,2,0,3,0 days 00:19:00
2014-06-01 04:00:00-05:00,41.897739256,-87.71638867,2,0,3,0 days 00:21:00
2014-06-01 04:00:00-05:00,41.763941913000004,-87.570119136,2,0,3,0 days 00:13:00
2014-06-01 04:00:00-05:00,41.893850689000004,-87.754337597,2,0,3,0 days 00:22:00
2014-06-01 04:00:00-05:00,41.938487385,-87.72185471899999,2,0,3,0 days 00:17:00
2014-06-01 04:00:00-05:00,41.911160085,-87.635184465,2,1,2,0 days 00:22:00
2014-06-01 04:15:00-05:00,41.863196881,-87.614817819,2,0,3,0 days 00:22:00
2014-06-01 04:15:00-05:00,41.779622865,-87.734999657,2,1,2,0 days 00:22:00
2014-06-01 04:15:00-05:00,41.77786278,-87.601612119,2,0,3,0 days 00:23:00
2014-06-01 04:17:00-05:00,41.826069047,-87.62485689399999,2,1,2,0 days 00:16:00
2014-06-01 04:20:00-05:00,41.75155046,-87.642846285,2,0,3,0 days 00:25:00
2014-06-01 04:30:00-05:00,41.93422595,-87.749871043,2,1,2,0 days 00:20:00
2014-06-01 04:30:00-05:00,41.783289931,-87.614486024,2,0,3,0 days 00:21:00
2014-06-01 04:30:00-05:00,41.77442498,-87.788466177,2,0,3,0 days 00:21:00
2014-06-01 04:50:00-05:00,41.693500977,-87.637565226,2,1,1,0 days 00:35:00
2014-06-01 04:55:00-05:00,41.784941581999995,-87.663454052,2,0,3,0 days 00:34:00
2014-06-01 04:55:00-05:00,41.824129218,-87.612565499,2,0,3,0 days 00:19:00
2014-06-01 04:58:00-05:00,41.731944833,-87.61372889200001,2,0,3,0 days 00:23:00
2014-06-01 05:00:00-05:00,41.886453673000005,-87.76673651700001,2,0,3,0 days 00:16:00
2014-06-01 05:00:00-05:00,41.883028274000004,-87.761636626,2,0,3,0 days 00:16:00
2014-06-01 05:00:00-05:00,41.823641999,-87.717493083,2,1,1,0 days 00:22:00
2014-06-01 05:00:00-05:00,41.851226108,-87.670907607,2,0,3,0 days 00:20:00
2014-06-01 05:00:00-05:00,41.933868595,-87.71107911700001,2,0,3,0 days 00:27:00
2014-06-01 05:00:00-05:00,41.837489008,-87.646264459,2,0,3,0 days 00:23:00
2014-06-01 05:05:00-05:00,41.790754583,-87.739927261,2,0,3,0 days 00:18:00
2014-06-01 05:15:00-05:00,41.7774368,-87.64594527,2,0,3,0 days 00:19:00
2014-06-01 05:27:00-05:00,41.735066205,-87.554146165,2,0,3,0 days 00:16:00
2014-06-01 05:30:00-05:00,41.926224659,-87.64087409,2,0,3,0 days 00:24:00
2014-06-01 05:30:00-05:00,41.738679068,-87.663139961,2,0,3,0 days 00:21:00
2014-06-01 05:49:00-05:00,41.909161431,-87.78407063200001,2,1,2,0 days 00:24:00
2014-06-01 06:00:00-05:00,41.743901503000004,-87.56003782299999,2,1,2,0 days 00:24:00
2014-06-01 06:00:00-05:00,41.727745019000004,-87.655534831,2,0,3,0 days 00:24:00
2014-06-01 06:00:00-05:00,41.967431663,-87.704773626,2,1,1,0 days 00:28:00
2014-06-01 06:00:00-05:00,41.939684244,-87.66954445799999,2,0,3,0 days 00:20:00
2014-06-01 06:00:00-05:00,41.96557228,-87.72227603299999,2,0,3,0 days 00:18:00
2014-06-01 06:15:00-05:00,41.756057234000004,-87.65492915799999,2,0,3,0 days 00:23:00
2014-06-01 06:15:00-05:00,41.913116814,-87.697069746,2,1,2,0 days 00:35:00
2014-06-01 06:17:00-05:00,41.985495957,-87.657306086,2,0,3,0 days 00:30:00
2014-06-01 06:30:00-05:00,41.992609422,-87.681111971,2,1,2,0 days 00:22:00
2014-06-01 06:30:00-05:00,41.779196943,-87.61560230399999,2,1,1,0 days 00:17:00
2014-06-01 06:31:00-05:00,41.944762193,-87.654255601,2,0,3,0 days 00:23:00
2014-06-01 06:40:00-05:00,41.808958200000006,-87.73954288,2,1,2,0 days 00:24:00
2014-06-01 06:40:00-05:00,41.792444765,-87.62240731,2,0,3,0 days 00:21:00
2014-06-01 06:45:00-05:00,41.789697895,-87.652330421,2,0,3,0 days 00:28:00
2014-06-01 06:50:00-05:00,41.800713945,-87.67692943899999,2,1,1,0 days 00:26:00
2014-06-01 06:50:00-05:00,41.851832986,-87.700668895,2,0,3,0 days 00:21:00
2014-06-01 07:00:00-05:00,41.842037885,-87.71106685,2,0,3,0 days 00:19:00
2014-06-01 07:00:00-05:00,41.724882898000004,-87.63269167,2,0,3,0 days 00:30:00
2014-06-01 07:00:00-05:00,41.814496219,-87.72383523200001,2,1,2,0 days 00:18:00
2014-06-01 07:00:00-05:00,41.764195956,-87.715587681,2,1,2,0 days 00:22:00
2014-06-01 07:00:00-05:00,41.815115016,-87.729805156,2,1,2,0 days 00:22:00
2014-06-01 07:00:00-05:00,41.915517127,-87.71244783,2,1,2,0 days 00:26:00
2014-06-01 07:00:00-05:00,41.724251043,-87.661531583,2,0,3,0 days 00:26:00
2014-06-01 07:00:00-05:00,42.000216791,-87.682645687,2,0,3,0 days 00:27:00
2014-06-01 07:10:00-05:00,41.894777696,-87.770791335,2,0,3,0 days 00:27:00
2014-06-01 07:15:00-05:00,41.716517431999996,-87.622731926,2,0,3,0 days 00:29:00
2014-06-01 07:25:00-05:00,41.776865663,-87.64956990200001,2,0,3,0 days 00:27:00
2014-06-01 07:30:00-05:00,41.678038836,-87.621786325,2,0,3,0 days 00:20:00
2014-06-01 07:50:00-05:00,41.749789461999995,-87.671911195,2,0,3,0 days 00:27:00
2014-06-01 07:50:00-05:00,41.842654578,-87.64274844,2,0,3,0 days 00:26:00
2014-06-01 07:55:00-05:00,41.888057631,-87.62954530799999,2,1,2,0 days 00:21:00
2014-06-01 07:55:00-05:00,41.807084327,-87.74069724,2,0,3,0 days 00:24:00
2014-06-01 08:00:00-05:00,41.867013845,-87.62582213399999,2,0,3,0 days 00:16:00
2014-06-01 08:00:00-05:00,41.92273818,-87.719778347,2,0,3,0 days 00:26:00
2014-06-01 08:00:00-05:00,41.786420549,-87.692768911,2,0,3,0 days 00:23:00
2014-06-01 08:00:00-05:00,41.943563651999995,-87.716112505,2,0,3,0 days 00:23:00
2014-06-01 08:00:00-05:00,41.850053247,-87.697423469,2,0,3,0 days 00:31:00
2014-06-01 08:00:00-05:00,42.003527393,-87.661872415,2,1,2,0 days 00:21:00
2014-06-01 08:00:00-05:00,41.898427551,-87.62144238299999,2,1,2,0 days 00:20:00
2014-06-01 08:00:00-05:00,41.777142114,-87.64714726700001,2,0,3,0 days 00:21:00
2014-06-01 08:00:00-05:00,41.983136743,-87.69581770399999,2,1,2,0 days 00:19:00
2014-06-01 08:00:00-05:00,41.97246081,-87.67521677799999,2,1,2,0 days 00:23:00
2014-06-01 08:00:00-05:00,41.92705295,-87.67198318,2,1,2,0 days 00:27:00
2014-06-01 08:00:00-05:00,41.959030677,-87.735945718,2,1,2,0 days 00:23:00
2014-06-01 08:00:00-05:00,41.849610417,-87.67724094299999,2,0,3,0 days 00:23:00
2014-06-01 08:00:00-05:00,41.754724423,-87.554667078,2,1,2,0 days 00:16:00
2014-06-01 08:00:00-05:00,41.90453686,-87.634503562,2,0,3,0 days 00:23:00
2014-06-01 08:00:00-05:00,41.814402666,-87.705446736,2,0,3,0 days 00:23:00
2014-06-01 08:00:00-05:00,41.671537531,-87.656318794,2,0,3,0 days 00:28:00
2014-06-01 08:00:00-05:00,41.938284245,-87.834817486,2,0,3,0 days 00:26:00
2014-06-01 08:00:00-05:00,41.792578376,-87.709660574,2,0,3,0 days 00:20:00
2014-06-01 08:00:00-05:00,41.968570378,-87.776507758,2,0,3,0 days 00:25:00
2014-06-01 08:00:00-05:00,41.963857475,-87.715670321,2,0,3,0 days 00:19:00
2014-06-01 08:00:00-05:00,42.022535914,-87.67362966600001,2,0,3,0 days 00:21:00
2014-06-01 08:00:00-05:00,41.98991208,-87.80915156200001,2,0,3,0 days 00:20:00
2014-06-01 08:00:00-05:00,41.66614306,-87.540576095,2,1,2,0 days 00:28:00
2014-06-01 08:00:00-05:00,41.988341219,-87.65676102,2,0,3,0 days 00:16:00
2014-06-01 08:00:00-05:00,41.736598091,-87.561140341,2,0,3,0 days 00:29:00
2014-06-01 08:00:00-05:00,41.824545074,-87.63321313,2,0,3,0 days 00:16:00
2014-06-01 08:05:00-05:00,41.833259471999995,-87.681469995,2,0,3,0 days 00:23:00
2014-06-01 08:07:00-05:00,41.749876545,-87.682838316,2,0,3,0 days 00:24:00
2014-06-01 08:10:00-05:00,41.807158419000004,-87.740696557,2,0,3,0 days 00:21:00
2014-06-01 08:12:00-05:00,41.925465597,-87.647915653,2,1,2,0 days 00:19:00
2014-06-01 08:15:00-05:00,41.753065615,-87.562621485,2,0,3,0 days 00:26:00
2014-06-01 08:15:00-05:00,41.858204689000004,-87.66615527399999,2,1,1,0 days 00:18:00
2014-06-01 08:20:00-05:00,41.807648543,-87.74101482,2,0,3,0 days 00:31:00
2014-06-01 08:20:00-05:00,41.764151886,-87.683229302,2,1,2,0 days 00:22:00
2014-06-01 08:30:00-05:00,41.765806443,-87.609740049,2,0,3,0 days 00:19:00
2014-06-01 08:30:00-05:00,41.757713649,-87.556390189,2,0,3,0 days 00:24:00
2014-06-01 08:30:00-05:00,41.897323317,-87.755657925,2,0,3,0 days 00:22:00
2014-06-01 08:37:00-05:00,41.807648543,-87.74101482,2,0,3,0 days 00:17:00
2014-06-01 08:45:00-05:00,41.753800223,-87.644123205,2,0,3,0 days 00:19:00
2014-06-01 08:45:00-05:00,41.867436641,-87.62540628,2,0,3,0 days 00:25:00
2014-06-01 08:50:00-05:00,41.807648543,-87.74101482,2,0,3,0 days 00:22:00
2014-06-01 09:00:00-05:00,41.806423059000004,-87.613860692,2,0,3,0 days 00:17:00
2014-06-01 09:00:00-05:00,41.914902411999996,-87.693451405,2,0,3,0 days 00:29:00
2014-06-01 09:00:00-05:00,41.94013059,-87.703972237,2,1,2,0 days 00:19:00
2014-06-01 09:00:00-05:00,41.882808262,-87.704828869,2,0,3,0 days 00:27:00
2014-06-01 09:00:00-05:00,41.752978819,-87.67677833799999,2,1,2,0 days 00:25:00
2014-06-01 09:00:00-05:00,41.949092979,-87.643736581,2,1,2,0 days 00:16:00
2014-06-01 09:00:00-05:00,41.754803107,-87.55453419,2,0,3,0 days 00:17:00
2014-06-01 09:00:00-05:00,41.872935095,-87.690565652,2,1,2,0 days 00:29:00
2014-06-01 09:00:00-05:00,41.774108322,-87.59727388600001,2,0,3,0 days 00:22:00
2014-06-01 09:00:00-05:00,41.815272034,-87.627360349,2,1,2,0 days 00:27:00
2014-06-01 09:00:00-05:00,41.765261822,-87.610413295,2,0,3,0 days 00:26:00
2014-06-01 09:00:00-05:00,41.75593947,-87.65729799,2,0,3,0 days 00:29:00
2014-06-01 09:00:00-05:00,41.783333227,-87.620553696,2,1,2,0 days 00:31:00
2014-06-01 09:00:00-05:00,41.740127826999995,-87.55512191700001,2,0,3,0 days 00:21:00
2014-06-01 09:00:00-05:00,41.895822485,-87.61910591,2,0,3,0 days 00:17:00
2014-06-01 09:00:00-05:00,41.87610569,-87.731254869,2,0,3,0 days 00:22:00
2014-06-01 09:00:00-05:00,41.889139535,-87.71857215899999,2,0,3,0 days 00:21:00
2014-06-01 09:00:00-05:00,41.781576603000005,-87.615660095,2,0,3,0 days 00:23:00
2014-06-01 09:00:00-05:00,41.924818236,-87.762325675,2,0,3,0 days 00:20:00
2014-06-01 09:00:00-05:00,41.845623723,-87.624703584,2,1,2,0 days 00:23:00
2014-06-01 09:00:00-05:00,41.807682633,-87.67709672299999,2,1,2,0 days 00:26:00
2014-06-01 09:00:00-05:00,41.911947391,-87.745926124,2,0,3,0 days 00:20:00
2014-06-01 09:00:00-05:00,41.909916655,-87.62884602,2,1,2,0 days 00:21:00
2014-06-01 09:00:00-05:00,41.898454304,-87.688205094,2,1,2,0 days 00:18:00
2014-06-01 09:00:00-05:00,41.714710733000004,-87.56460354200001,2,1,2,0 days 00:31:00
2014-06-01 09:00:00-05:00,41.882102214,-87.64854087100001,2,0,3,0 days 00:20:00
2014-06-01 09:00:00-05:00,41.80171934,-87.63070362100001,2,1,2,0 days 00:22:00
2014-06-01 09:00:00-05:00,41.79671043,-87.673167276,2,1,2,0 days 00:27:00
2014-06-01 09:00:00-05:00,41.872375703,-87.696060374,2,1,2,0 days 00:23:00
2014-06-01 09:00:00-05:00,41.781389958000005,-87.61565484399999,2,1,2,0 days 00:20:00
2014-06-01 09:00:00-05:00,41.893040895,-87.685453528,2,0,3,0 days 00:26:00
2014-06-01 09:00:00-05:00,41.736269116,-87.62776824299999,2,0,3,0 days 00:24:00
2014-06-01 09:00:00-05:00,41.945445097,-87.648642702,2,1,2,0 days 00:19:00
2014-06-01 09:00:00-05:00,41.894826555,-87.767330995,2,0,3,0 days 00:20:00
2014-06-01 09:00:00-05:00,41.874571802,-87.693717996,2,1,2,0 days 00:23:00
2014-06-01 09:00:00-05:00,41.848164689,-87.703307258,2,1,2,0 days 00:25:00
2014-06-01 09:00:00-05:00,41.83605446,-87.71700347299999,2,0,3,0 days 00:28:00
2014-06-01 09:00:00-05:00,41.808968135,-87.70278546700001,2,0,3,0 days 00:29:00
2014-06-01 09:00:00-05:00,41.703598889,-87.68717940200001,2,0,3,0 days 00:35:00
2014-06-01 09:00:00-05:00,41.799288909,-87.769819177,2,0,3,0 days 00:18:00
2014-06-01 09:00:00-05:00,41.8208511,-87.604938352,2,0,3,0 days 00:22:00
2014-06-01 09:00:00-05:00,41.761954929,-87.56886348100001,2,0,3,0 days 00:27:00
2014-06-01 09:00:00-05:00,41.843016958,-87.61722727,2,0,3,0 days 00:26:00
2014-06-01 09:00:00-05:00,41.675299516,-87.621710346,2,1,2,0 days 00:23:00
2014-06-01 09:00:00-05:00,41.894158353,-87.67302417100001,2,0,3,0 days 00:20:00
2014-06-01 09:00:00-05:00,41.706535083,-87.62031494799999,2,1,2,0 days 00:26:00
2014-06-01 09:00:00-05:00,41.878556485,-87.66434262899999,2,1,2,0 days 00:20:00
2014-06-01 09:00:00-05:00,41.895653906999996,-87.69732391299999,2,1,2,0 days 00:20:00
2014-06-01 09:00:00-05:00,41.858296757,-87.723694812,2,1,2,0 days 00:20:00
2014-06-01 09:00:00-05:00,41.744480685,-87.564556335,2,0,3,0 days 00:31:00
2014-06-01 09:00:00-05:00,41.798754355999996,-87.65377487,2,0,3,0 days 00:20:00
2014-06-01 09:00:00-05:00,41.866937617,-87.624141504,2,1,2,0 days 00:26:00
2014-06-01 09:08:00-05:00,41.807196856,-87.740699871,2,0,3,0 days 00:22:00
2014-06-01 09:10:00-05:00,41.999999972,-87.68994331,2,1,1,0 days 00:23:00
2014-06-01 09:13:00-05:00,41.781061248,-87.62060085600001,2,0,3,0 days 00:18:00
2014-06-01 09:15:00-05:00,41.880385674,-87.75399280799999,2,0,3,0 days 00:20:00
2014-06-01 09:20:00-05:00,41.809763103,-87.590193647,2,1,2,0 days 00:23:00
2014-06-01 09:24:00-05:00,41.758209097,-87.56272121100001,2,0,3,0 days 00:20:00
2014-06-01 09:25:00-05:00,41.871732109,-87.71844893,2,0,3,0 days 00:20:00
2014-06-01 09:27:00-05:00,41.760687863,-87.57686146700001,2,1,1,0 days 00:26:00
2014-06-01 09:30:00-05:00,41.864272923,-87.660159555,2,1,1,0 days 00:19:00
2014-06-01 09:30:00-05:00,41.747754874,-87.546751643,2,1,2,0 days 00:20:00
2014-06-01 09:30:00-05:00,41.883672448,-87.752740241,2,0,3,0 days 00:24:00
2014-06-01 09:30:00-05:00,41.777014219,-87.710944251,2,0,3,0 days 00:24:00
2014-06-01 09:35:00-05:00,41.878558635,-87.74816347299999,2,0,3,0 days 00:26:00
2014-06-01 09:38:00-05:00,36.619446395,-91.686565684,2,0,3,0 days 00:19:00
2014-06-01 09:40:00-05:00,41.864272923,-87.660159555,2,0,3,0 days 00:23:00
2014-06-01 09:45:00-05:00,41.76460796,-87.68867896,2,0,3,0 days 00:21:00
2014-06-01 09:55:00-05:00,41.901317483,-87.728722263,2,1,2,0 days 00:14:00
2014-06-01 10:00:00-05:00,41.766537518,-87.57876851,2,0,3,0 days 00:35:00
2014-06-01 10:00:00-05:00,41.795471856999995,-87.779464513,2,0,3,0 days 00:20:00
2014-06-01 10:00:00-05:00,41.891568682,-87.675570349,2,1,2,0 days 00:25:00
2014-06-01 10:00:00-05:00,41.799213245,-87.62258189100001,2,0,3,0 days 00:19:00
2014-06-01 10:00:00-05:00,41.80830571,-87.69267564799999,2,0,3,0 days 00:23:00
2014-06-01 10:00:00-05:00,41.876671946,-87.753842755,2,0,3,0 days 00:25:00
2014-06-01 10:00:00-05:00,41.965411963,-87.65651096200001,2,1,2,0 days 00:18:00
2014-06-01 10:00:00-05:00,41.768705444,-87.73225650399999,2,1,2,0 days 00:31:00
2014-06-01 10:00:00-05:00,41.779734536,-87.730115022,2,0,3,0 days 00:21:00
2014-06-01 10:00:00-05:00,41.911253511,-87.68724593299999,2,0,3,0 days 00:22:00
2014-06-01 10:00:00-05:00,41.767151281,-87.58281184299999,2,1,2,0 days 00:18:00
2014-06-01 10:00:00-05:00,41.936089551,-87.63941487299999,2,0,3,0 days 00:25:00
2014-06-01 10:00:00-05:00,41.802132606,-87.613677631,2,0,3,0 days 00:30:00
2014-06-01 10:04:00-05:00,41.732137299,-87.66325559399999,2,0,3,0 days 00:22:00
2014-06-01 10:05:00-05:00,41.880908280999996,-87.71171071799999,2,0,3,0 days 00:20:00
2014-06-01 10:14:00-05:00,41.712967603,-87.552321804,2,0,3,0 days 00:28:00
2014-06-01 10:15:00-05:00,41.903937331,-87.6975613,2,0,3,0 days 00:24:00
2014-06-01 10:17:00-05:00,41.692274042,-87.63031426299999,2,0,3,0 days 00:33:00
2014-06-01 10:20:00-05:00,41.975334103,-87.768490595,2,1,1,0 days 00:32:00
2014-06-01 10:24:00-05:00,41.855858339,-87.674233184,2,0,3,0 days 00:30:00
2014-06-01 10:30:00-05:00,41.769467841,-87.586237993,2,0,3,0 days 00:19:00
2014-06-01 10:30:00-05:00,41.876554708,-87.763317302,2,1,1,0 days 00:25:00
2014-06-01 10:30:00-05:00,41.748890913000004,-87.592992275,2,1,2,0 days 00:24:00
2014-06-01 10:30:00-05:00,41.815070398,-87.69564198200001,2,1,2,0 days 00:25:00
2014-06-01 10:30:00-05:00,41.772840435999996,-87.571590016,2,0,3,0 days 00:23:00
2014-06-01 10:30:00-05:00,41.735873875,-87.657431518,2,1,2,0 days 00:26:00
2014-06-01 10:30:00-05:00,41.767438695,-87.584381057,2,0,3,0 days 00:19:00
2014-06-01 10:40:00-05:00,41.869546445,-87.72284629299999,2,0,3,0 days 00:20:00
2014-06-01 10:43:00-05:00,41.909384715,-87.76510100899999,2,1,2,0 days 00:21:00
2014-06-01 10:50:00-05:00,41.872556716,-87.698518589,2,0,3,0 days 00:21:00
2014-06-01 10:55:00-05:00,41.884573898,-87.73482568799999,2,0,3,0 days 00:24:00
2014-06-01 11:00:00-05:00,41.958734623000005,-87.76078397200001,2,1,2,0 days 00:19:00
2014-06-01 11:00:00-05:00,41.681599951,-87.62919311700001,2,0,3,0 days 00:13:00
2014-06-01 11:00:00-05:00,41.812642257,-87.683982734,2,1,2,0 days 00:18:00
2014-06-01 11:00:00-05:00,41.829439409,-87.672816431,2,0,3,0 days 00:21:00
2014-06-01 11:00:00-05:00,41.800798771,-87.644089256,2,0,3,0 days 00:20:00
2014-06-01 11:00:00-05:00,41.990659046,-87.68076036,2,0,3,0 days 00:20:00
2014-06-01 11:00:00-05:00,41.65502188,-87.60511193,2,0,3,0 days 00:28:00
2014-06-01 11:00:00-05:00,41.877285759,-87.710170566,2,0,3,0 days 00:16:00
2014-06-01 11:05:00-05:00,41.990659046,-87.68076036,2,0,3,0 days 00:25:00
2014-06-01 11:06:00-05:00,41.769378793,-87.663942241,2,0,3,0 days 00:33:00
2014-06-01 11:09:00-05:00,41.815028699,-87.66513254799999,2,0,3,0 days 00:21:00
2014-06-01 11:10:00-05:00,41.773332267,-87.662819668,2,0,3,0 days 00:25:00
2014-06-01 11:10:00-05:00,41.878026122,-87.72180353600001,2,0,3,0 days 00:24:00
2014-06-01 11:14:00-05:00,41.849110705,-87.70517351,2,0,3,0 days 00:23:00
2014-06-01 11:15:00-05:00,41.931521715,-87.747484859,2,1,2,0 days 00:27:00
2014-06-01 11:15:00-05:00,41.864493678,-87.639158,2,1,2,0 days 00:28:00
2014-06-01 11:20:00-05:00,41.749258370999996,-87.662198065,2,0,3,0 days 00:23:00
2014-06-01 11:25:00-05:00,41.977432089000004,-87.84026786700001,2,0,3,0 days 00:28:00
2014-06-01 11:27:00-05:00,41.844073188,-87.626926379,2,1,2,0 days 00:22:00
2014-06-01 11:30:00-05:00,41.711742734,-87.621912844,2,0,3,0 days 00:21:00
2014-06-01 11:30:00-05:00,41.705885906999995,-87.538912504,2,0,3,0 days 00:28:00
2014-06-01 11:30:00-05:00,41.758174759,-87.54993401600001,2,0,3,0 days 00:22:00
2014-06-01 11:30:00-05:00,41.892236758,-87.749397576,2,0,3,0 days 00:18:00
2014-06-01 11:30:00-05:00,41.877848189,-87.736493098,2,0,3,0 days 00:33:00
2014-06-01 11:30:00-05:00,41.754172384,-87.552581097,2,0,3,0 days 00:33:00
2014-06-01 11:33:00-05:00,41.764728045,-87.56127231200001,2,0,3,0 days 00:28:00
2014-06-01 11:40:00-05:00,41.690514443000005,-87.62576414,2,0,3,0 days 00:25:00
2014-06-01 11:40:00-05:00,41.823628586,-87.63277918200001,2,0,3,0 days 00:27:00
2014-06-01 11:45:00-05:00,41.907131317,-87.67798216700001,2,1,2,0 days 00:20:00
2014-06-01 11:45:00-05:00,41.808614751,-87.664091468,2,1,2,0 days 00:19:00
2014-06-01 11:45:00-05:00,41.930049491999995,-87.68592073299999,2,0,3,0 days 00:24:00
2014-06-01 11:45:00-05:00,41.853268942,-87.705298,2,0,3,0 days 00:17:00
2014-06-01 11:50:00-05:00,41.911707849,-87.771542812,2,0,3,0 days 00:24:00
2014-06-01 11:50:00-05:00,41.773332267,-87.662819668,2,0,3,0 days 00:24:00
2014-06-01 12:00:00-05:00,41.734584273,-87.55551858,2,0,3,0 days 00:21:00
2014-06-01 12:00:00-05:00,41.77010738,-87.64696197100001,2,0,3,0 days 00:21:00
2014-06-01 12:00:00-05:00,41.808109441,-87.70483695200001,2,0,3,0 days 00:24:00
2014-06-01 12:00:00-05:00,41.746154925,-87.666975846,2,1,2,0 days 00:14:00
2014-06-01 12:00:00-05:00,41.948580123,-87.686703735,2,1,2,0 days 00:23:00
2014-06-01 12:00:00-05:00,41.961615243000004,-87.725398654,2,0,3,0 days 00:24:00
2014-06-01 12:00:00-05:00,41.899898549,-87.661071135,2,1,2,0 days 00:25:00
2014-06-01 12:00:00-05:00,41.899030463,-87.725401243,2,0,3,0 days 00:24:00
2014-06-01 12:00:00-05:00,41.85188867,-87.696840036,2,1,2,0 days 00:22:00
2014-06-01 12:00:00-05:00,41.700340120999996,-87.563991089,2,0,3,0 days 00:26:00
2014-06-01 12:00:00-05:00,41.781614403,-87.612055543,2,0,3,0 days 00:20:00
2014-06-01 12:00:00-05:00,41.957831205,-87.677091628,2,1,2,0 days 00:21:00
2014-06-01 12:00:00-05:00,41.928950523000005,-87.726899566,2,1,2,0 days 00:18:00
2014-06-01 12:00:00-05:00,41.955120653,-87.654561081,2,0,3,0 days 00:19:00
2014-06-01 12:00:00-05:00,41.763327102,-87.584703781,2,1,2,0 days 00:24:00
2014-06-01 12:00:00-05:00,41.928950523000005,-87.726899566,2,1,2,0 days 00:24:00
2014-06-01 12:00:00-05:00,41.78122521,-87.610824315,2,1,1,0 days 00:25:00
2014-06-01 12:00:00-05:00,41.967665781,-87.662730846,2,0,3,0 days 00:28:00
2014-06-01 12:00:00-05:00,41.895101881,-87.670557248,2,1,2,0 days 00:25:00
2014-06-01 12:00:00-05:00,41.82952331,-87.61107400600001,2,0,3,0 days 00:28:00
2014-06-01 12:00:00-05:00,41.853226201,-87.63515415,2,1,2,0 days 00:29:00
2014-06-01 12:00:00-05:00,41.773042796,-87.611429387,2,0,3,0 days 00:17:00
2014-06-01 12:00:00-05:00,41.722316753,-87.682109006,2,1,2,0 days 00:38:00
2014-06-01 12:00:00-05:00,41.863375747,-87.65645745100001,2,1,2,0 days 00:23:00
2014-06-01 12:00:00-05:00,41.789532799999996,-87.655969749,2,0,3,0 days 00:27:00
2014-06-01 12:00:00-05:00,41.989273789,-87.692059719,2,0,3,0 days 00:20:00
2014-06-01 12:00:00-05:00,41.836639352,-87.699919506,2,1,2,0 days 00:20:00
2014-06-01 12:00:00-05:00,41.757738544,-87.55641921,2,0,3,0 days 00:18:00
2014-06-01 12:00:00-05:00,41.88446517,-87.634446911,2,1,2,0 days 00:24:00
2014-06-01 12:10:00-05:00,41.885487535,-87.726422045,2,0,3,0 days 00:20:00
2014-06-01 12:10:00-05:00,41.903035658,-87.728775848,2,0,3,0 days 00:22:00
2014-06-01 12:10:00-05:00,41.767867195,-87.632279142,2,0,3,0 days 00:18:00
2014-06-01 12:15:00-05:00,41.853203765,-87.724796627,2,1,2,0 days 00:20:00
2014-06-01 12:15:00-05:00,41.883467894,-87.75028165799999,2,0,3,0 days 00:28:00
2014-06-01 12:15:00-05:00,41.711667631,-87.62842923,2,0,3,0 days 00:25:00
2014-06-01 12:15:00-05:00,41.749414464000004,-87.73044659700001,2,0,3,0 days 00:26:00
2014-06-01 12:23:00-05:00,41.885047508,-87.701318164,2,0,3,0 days 00:23:00
2014-06-01 12:25:00-05:00,41.911793848,-87.76559399,2,0,3,0 days 00:32:00
2014-06-01 12:28:00-05:00,41.870284600000005,-87.713106036,2,0,3,0 days 00:23:00
2014-06-01 12:30:00-05:00,41.691783346,-87.681622555,2,1,2,0 days 00:22:00
2014-06-01 12:30:00-05:00,41.897895128,-87.624096605,2,1,2,0 days 00:29:00
2014-06-01 12:30:00-05:00,41.903843146999996,-87.722681315,2,0,3,0 days 00:20:00
2014-06-01 12:30:00-05:00,41.841103444,-87.62685261799999,2,1,2,0 days 00:18:00
2014-06-01 12:30:00-05:00,41.768758359,-87.588973525,2,1,2,0 days 00:23:00
2014-06-01 12:30:00-05:00,41.982161273,-87.668500261,2,1,1,0 days 00:18:00
2014-06-01 12:35:00-05:00,41.86019725,-87.715240904,2,0,3,0 days 00:27:00
2014-06-01 12:38:00-05:00,41.977244335,-87.65501023799999,2,0,3,0 days 00:20:00
2014-06-01 12:40:00-05:00,41.695247013,-87.62911019200001,2,0,3,0 days 00:27:00
2014-06-01 12:44:00-05:00,41.97895078,-87.66711771700001,2,0,3,0 days 00:23:00
2014-06-01 12:45:00-05:00,41.765806443,-87.609740049,2,0,3,0 days 00:26:00
2014-06-01 12:45:00-05:00,41.720439012,-87.53891276600001,2,0,3,0 days 00:26:00
2014-06-01 12:45:00-05:00,41.735567532,-87.622580595,2,0,3,0 days 00:23:00
2014-06-01 12:50:00-05:00,41.945643679,-87.807018436,2,0,3,0 days 00:19:00
2014-06-01 12:52:00-05:00,41.881905413,-87.704830372,2,0,3,0 days 00:24:00
2014-06-01 13:00:00-05:00,41.79473773,-87.58252675899999,2,0,3,0 days 00:33:00
2014-06-01 13:00:00-05:00,41.950253232,-87.782295347,2,0,3,0 days 00:25:00
2014-06-01 13:00:00-05:00,41.90690686,-87.74604947899999,2,0,3,0 days 00:26:00
2014-06-01 13:00:00-05:00,42.010367379,-87.66447553200001,2,0,3,0 days 00:24:00
2014-06-01 13:00:00-05:00,41.801307936,-87.584690956,2,0,3,0 days 00:26:00
2014-06-01 13:00:00-05:00,41.764167039,-87.68445341799999,2,1,2,0 days 00:17:00
2014-06-01 13:00:00-05:00,41.845980955,-87.731585112,2,0,3,0 days 00:23:00
2014-06-01 13:00:00-05:00,41.708221951999995,-87.62594355600001,2,1,2,0 days 00:21:00
2014-06-01 13:00:00-05:00,41.764682386,-87.66378579200001,2,1,2,0 days 00:24:00
2014-06-01 13:00:00-05:00,41.780328363,-87.717896689,2,0,3,0 days 00:31:00
2014-06-01 13:00:00-05:00,41.953754971,-87.718539817,2,1,2,0 days 00:24:00
2014-06-01 13:00:00-05:00,41.953719195,-87.723150264,2,0,3,0 days 00:17:00
2014-06-01 13:02:00-05:00,41.881203182,-87.647342333,2,1,2,0 days 00:18:00
2014-06-01 13:05:00-05:00,41.773223738,-87.679702672,2,0,3,0 days 00:25:00
2014-06-01 13:05:00-05:00,41.729458085,-87.54427490100001,2,0,3,0 days 00:22:00
2014-06-01 13:10:00-05:00,41.88220595,-87.767368945,2,0,3,0 days 00:26:00
2014-06-01 13:10:00-05:00,41.88099404,-87.704277465,2,0,3,0 days 00:29:00
2014-06-01 13:11:00-05:00,41.884684495,-87.771941195,2,0,3,0 days 00:17:00
2014-06-01 13:15:00-05:00,41.849976208,-87.703362891,2,0,3,0 days 00:26:00
2014-06-01 13:15:00-05:00,41.723062534,-87.626275325,2,0,3,0 days 00:25:00
2014-06-01 13:15:00-05:00,41.909614875,-87.747016581,2,1,2,0 days 00:21:00
2014-06-01 13:17:00-05:00,41.961136383,-87.712325027,2,0,3,0 days 00:22:00
2014-06-01 13:25:00-05:00,41.740372699,-87.67411837,2,0,3,0 days 00:27:00
2014-06-01 13:30:00-05:00,41.747746453000005,-87.664584768,2,0,3,0 days 00:22:00
2014-06-01 13:30:00-05:00,42.010292366,-87.669042664,2,0,3,0 days 00:18:00
2014-06-01 13:30:00-05:00,41.7450539,-87.61233664,2,0,3,0 days 00:20:00
2014-06-01 13:38:00-05:00,41.781560138,-87.615660279,2,1,1,0 days 00:23:00
2014-06-01 13:42:00-05:00,41.88171846,-87.62776042600001,2,0,3,0 days 00:27:00
2014-06-01 13:45:00-05:00,41.945863902,-87.767912706,2,0,3,0 days 00:20:00
2014-06-01 13:49:00-05:00,41.71288559,-87.564577676,2,1,1,0 days 00:24:00
2014-06-01 13:50:00-05:00,41.945399848,-87.79997016899999,2,0,3,0 days 00:23:00
2014-06-01 14:00:00-05:00,41.783316166999995,-87.593120705,2,0,3,0 days 00:25:00
2014-06-01 14:00:00-05:00,41.889313506,-87.754694416,2,0,3,0 days 00:37:00
2014-06-01 14:00:00-05:00,41.779123111,-87.599141358,2,0,3,0 days 00:25:00
2014-06-01 14:00:00-05:00,41.761910257,-87.57495946200001,2,0,3,0 days 00:20:00
2014-06-01 14:00:00-05:00,41.793603981,-87.620817628,2,1,2,0 days 00:26:00
2014-06-01 14:00:00-05:00,41.794121828,-87.599758651,2,0,3,0 days 00:25:00
2014-06-01 14:00:00-05:00,41.876715743000005,-87.75056702200001,2,0,3,0 days 00:24:00
2014-06-01 14:00:00-05:00,41.943122315,-87.64936593799999,2,1,2,0 days 00:26:00
2014-06-01 14:00:00-05:00,41.981316056,-87.69509293,2,1,2,0 days 00:25:00
2014-06-01 14:00:00-05:00,41.71065971,-87.63595188,2,1,1,0 days 00:22:00
2014-06-01 14:00:00-05:00,41.857729000999996,-87.635971485,2,1,2,0 days 00:26:00
2014-06-01 14:00:00-05:00,42.017938371999996,-87.682097054,2,0,3,0 days 00:23:00
2014-06-01 14:00:00-05:00,41.771068348,-87.583799955,2,0,3,0 days 00:31:00
2014-06-01 14:00:00-05:00,41.9334881,-87.65736678,2,1,2,0 days 00:26:00
2014-06-01 14:00:00-05:00,41.885981015,-87.642781484,2,0,3,0 days 00:21:00
2014-06-01 14:00:00-05:00,41.883578698,-87.709734846,2,1,2,0 days 00:28:00
2014-06-01 14:00:00-05:00,41.752212076999996,-87.66093226299999,2,0,3,0 days 00:24:00
2014-06-01 14:00:00-05:00,41.762458509,-87.64002064,2,0,3,0 days 00:21:00
2014-06-01 14:00:00-05:00,41.755346402,-87.64294120299999,2,1,2,0 days 00:25:00
2014-06-01 14:05:00-05:00,41.882470918,-87.627847625,2,1,2,0 days 00:20:00
2014-06-01 14:10:00-05:00,41.899094781,-87.74835068700001,2,0,3,0 days 00:27:00
2014-06-01 14:10:00-05:00,41.886283465,-87.76339609,2,1,2,0 days 00:20:00
2014-06-01 14:15:00-05:00,41.73585412,-87.658739723,2,0,3,0 days 00:22:00
2014-06-01 14:15:00-05:00,41.879462555,-87.74837187799999,2,0,3,0 days 00:19:00
2014-06-01 14:18:00-05:00,41.703786538,-87.60519913799999,2,0,3,0 days 00:36:00
2014-06-01 14:20:00-05:00,41.897982936999995,-87.624095634,2,1,2,0 days 00:24:00
2014-06-01 14:20:00-05:00,41.799859237,-87.67575355700001,2,1,1,0 days 00:21:00
2014-06-01 14:25:00-05:00,41.793223108,-87.65120397,2,0,3,0 days 00:20:00
2014-06-01 14:28:00-05:00,41.899789956,-87.720115618,2,0,3,0 days 00:26:00
2014-06-01 14:28:00-05:00,41.939272775,-87.70769291299999,2,0,3,0 days 00:20:00
2014-06-01 14:30:00-05:00,41.963008684,-87.654760481,2,1,2,0 days 00:24:00
2014-06-01 14:30:00-05:00,41.764245439,-87.64924206299999,2,0,3,0 days 00:19:00
2014-06-01 14:30:00-05:00,41.922133925,-87.65714123299999,2,1,2,0 days 00:21:00
2014-06-01 14:30:00-05:00,41.697307574,-87.618373671,2,1,2,0 days 00:20:00
2014-06-01 14:30:00-05:00,41.791668176,-87.656024275,2,0,3,0 days 00:25:00
2014-06-01 14:30:00-05:00,41.963008684,-87.654760481,2,0,3,0 days 00:21:00
2014-06-01 14:30:00-05:00,41.899964114,-87.62674047200001,2,1,2,0 days 00:21:00
2014-06-01 14:30:00-05:00,41.858065739000004,-87.710305805,2,0,3,0 days 00:24:00
2014-06-01 14:38:00-05:00,41.964075245,-87.649976537,2,0,3,0 days 00:20:00
2014-06-01 14:45:00-05:00,41.827797157,-87.631434876,2,0,3,0 days 00:20:00
2014-06-01 14:50:00-05:00,41.780427786,-87.69586800100001,2,0,3,0 days 00:24:00
2014-06-01 14:52:00-05:00,41.817597349,-87.623057324,2,0,3,0 days 00:31:00
2014-06-01 15:00:00-05:00,41.859776046,-87.69641308700001,2,0,3,0 days 00:29:00
2014-06-01 15:00:00-05:00,41.857868846,-87.62474461299999,2,1,2,0 days 00:21:00
2014-06-01 15:00:00-05:00,41.772833915,-87.70175742299999,2,1,1,0 days 00:30:00
2014-06-01 15:00:00-05:00,41.972321391,-87.684470512,2,0,3,0 days 00:18:00
2014-06-01 15:00:00-05:00,41.899663409,-87.67018683799999,2,1,2,0 days 00:23:00
2014-06-01 15:00:00-05:00,41.877541813,-87.68698707899999,2,1,2,0 days 00:34:00
2014-06-01 15:00:00-05:00,41.827797157,-87.631434876,2,0,3,0 days 00:18:00
2014-06-01 15:00:00-05:00,41.989996773,-87.69573454399999,2,1,2,0 days 00:21:00
2014-06-01 15:00:00-05:00,41.703765026999996,-87.701261948,2,0,3,0 days 00:27:00
2014-06-01 15:00:00-05:00,41.779109695,-87.69374358799999,2,1,1,0 days 00:32:00
2014-06-01 15:00:00-05:00,41.766455964,-87.648089576,2,1,2,0 days 00:23:00
2014-06-01 15:00:00-05:00,41.809208114,-87.62751129799999,2,1,2,0 days 00:14:00
2014-06-01 15:00:00-05:00,41.975862946,-87.83911785,2,0,3,0 days 00:21:00
2014-06-01 15:00:00-05:00,41.858730372,-87.66453095700001,2,1,2,0 days 00:23:00
2014-06-01 15:00:00-05:00,41.847516128,-87.683927475,2,0,3,0 days 00:32:00
2014-06-01 15:00:00-05:00,41.893387387,-87.62116045299999,2,1,2,0 days 00:21:00
2014-06-01 15:00:00-05:00,41.812507916,-87.633986169,2,0,3,0 days 00:19:00
2014-06-01 15:00:00-05:00,41.891135724,-87.628049777,2,1,2,0 days 00:31:00
2014-06-01 15:01:00-05:00,41.876795906,-87.74529710600001,2,0,3,0 days 00:24:00
2014-06-01 15:05:00-05:00,41.819226855,-87.619862304,2,0,3,0 days 00:18:00
2014-06-01 15:05:00-05:00,41.893130649,-87.749253539,2,0,3,0 days 00:22:00
2014-06-01 15:05:00-05:00,41.72766309,-87.651890615,2,0,3,0 days 00:21:00
2014-06-01 15:05:00-05:00,41.89560486,-87.633230925,2,0,3,0 days 00:22:00
2014-06-01 15:10:00-05:00,41.754345523000005,-87.60528033,2,0,3,0 days 00:26:00
2014-06-01 15:12:00-05:00,41.863873174,-87.70437189299999,2,0,3,0 days 00:22:00
2014-06-01 15:15:00-05:00,41.716827275,-87.669018706,2,0,3,0 days 00:21:00
2014-06-01 15:20:00-05:00,41.993273361,-87.70922066799999,2,0,3,0 days 00:22:00
2014-06-01 15:30:00-05:00,41.913262365,-87.66898430399999,2,1,2,0 days 00:20:00
2014-06-01 15:30:00-05:00,41.742623812,-87.628032125,2,1,2,0 days 00:24:00
2014-06-01 15:30:00-05:00,41.893745225,-87.704538011,2,0,3,0 days 00:29:00
2014-06-01 15:30:00-05:00,41.690552673,-87.60595251,2,0,3,0 days 00:19:00
2014-06-01 15:30:00-05:00,41.94607874,-87.750509184,2,1,2,0 days 00:22:00
2014-06-01 15:30:00-05:00,41.73887651,-87.650991641,2,0,3,0 days 00:30:00
2014-06-01 15:30:00-05:00,41.900665603,-87.73736060600001,2,0,3,0 days 00:18:00
2014-06-01 15:35:00-05:00,41.967237894,-87.65668652,2,0,3,0 days 00:22:00
2014-06-01 15:36:00-05:00,41.932782967,-87.64583438,2,1,2,0 days 00:19:00
2014-06-01 15:40:00-05:00,41.677353983,-87.62509567299999,2,0,3,0 days 00:28:00
2014-06-01 15:40:00-05:00,41.677353983,-87.62509567299999,2,0,3,0 days 00:25:00
2014-06-01 15:41:00-05:00,41.718404166,-87.555164291,2,0,3,0 days 00:23:00
2014-06-01 15:45:00-05:00,41.808147803000004,-87.664961971,2,0,3,0 days 00:31:00
2014-06-01 15:45:00-05:00,41.837871585,-87.623435005,2,0,3,0 days 00:28:00
2014-06-01 15:51:00-05:00,41.861678078000004,-87.720160521,2,0,3,0 days 00:25:00
2014-06-01 15:54:00-05:00,41.902553158,-87.758255623,2,0,3,0 days 00:22:00
2014-06-01 15:56:00-05:00,41.996663875,-87.691073193,2,0,3,0 days 00:34:00
2014-06-01 15:57:00-05:00,41.909463948,-87.706999501,2,0,3,0 days 00:21:00
2014-06-01 16:00:00-05:00,41.897363124,-87.753211291,2,0,3,0 days 00:19:00
2014-06-01 16:00:00-05:00,41.919409535999996,-87.719284803,2,1,1,0 days 00:31:00
2014-06-01 16:00:00-05:00,41.780361586,-87.673928946,2,0,3,0 days 00:22:00
2014-06-01 16:00:00-05:00,41.757979084,-87.59199354200001,2,1,2,0 days 00:27:00
2014-06-01 16:00:00-05:00,41.750952443,-87.581666614,2,0,3,0 days 00:25:00
2014-06-01 16:00:00-05:00,41.765558228,-87.622733535,2,1,2,0 days 00:20:00
2014-06-01 16:00:00-05:00,41.964240013,-87.838839992,2,1,2,0 days 00:26:00
2014-06-01 16:00:00-05:00,41.928720166,-87.672715635,2,0,3,0 days 00:26:00
2014-06-01 16:00:00-05:00,41.837397532,-87.696088253,2,1,2,0 days 00:25:00
2014-06-01 16:00:00-05:00,41.794344947,-87.615968735,2,1,2,0 days 00:26:00
2014-06-01 16:00:00-05:00,41.894993403,-87.622148996,2,0,3,0 days 00:20:00
2014-06-01 16:00:00-05:00,41.80865564,-87.751745486,2,0,3,0 days 00:20:00
2014-06-01 16:00:00-05:00,41.892017399000004,-87.62416530600001,2,0,3,0 days 00:25:00
2014-06-01 16:00:00-05:00,41.697194456,-87.61960158,2,0,3,0 days 00:19:00
2014-06-01 16:00:00-05:00,41.762380054,-87.590157853,2,1,2,0 days 00:25:00
2014-06-01 16:00:00-05:00,41.914300523,-87.72769225200001,2,1,2,0 days 00:28:00
2014-06-01 16:00:00-05:00,41.851226991,-87.717419422,2,0,3,0 days 00:18:00
2014-06-01 16:00:00-05:00,41.884650262,-87.627915459,2,1,2,0 days 00:27:00
2014-06-01 16:00:00-05:00,41.856687544,-87.682006664,2,1,2,0 days 00:18:00
2014-06-01 16:00:00-05:00,41.910568715,-87.728800291,2,0,3,0 days 00:29:00
2014-06-01 16:03:00-05:00,41.816216158,-87.627375659,2,0,3,0 days 00:28:00
2014-06-01 16:11:00-05:00,41.690988096999995,-87.70690098600001,2,0,3,0 days 00:35:00
2014-06-01 16:15:00-05:00,41.932012618,-87.64094011600001,2,0,3,0 days 00:24:00
2014-06-01 16:16:00-05:00,41.771981229,-87.644584811,2,0,3,0 days 00:26:00
2014-06-01 16:17:00-05:00,41.855264352,-87.65192161600001,2,0,3,0 days 00:20:00
2014-06-01 16:20:00-05:00,41.932650752,-87.653123528,2,1,2,0 days 00:25:00
2014-06-01 16:30:00-05:00,41.767438695,-87.584381057,2,1,1,0 days 00:18:00
2014-06-01 16:34:00-05:00,41.882259032,-87.763674222,2,1,2,0 days 00:16:00
2014-06-01 16:35:00-05:00,41.927866977,-87.74975259899999,2,0,3,0 days 00:25:00
2014-06-01 16:36:00-05:00,41.781950129,-87.687383339,2,0,3,0 days 00:30:00
2014-06-01 16:45:00-05:00,41.781288798,-87.703203372,2,0,3,0 days 00:21:00
2014-06-01 16:45:00-05:00,41.749657946999996,-87.66342156,2,1,2,0 days 00:23:00
2014-06-01 16:45:00-05:00,41.877352716,-87.70282971399999,2,0,3,0 days 00:28:00
2014-06-01 16:45:00-05:00,41.892782898,-87.71379193799999,2,0,3,0 days 00:24:00
2014-06-01 16:48:00-05:00,41.910624936,-87.66799767299999,2,0,3,0 days 00:25:00
2014-06-01 16:54:00-05:00,41.872819179000004,-87.701824172,2,0,3,0 days 00:17:00
2014-06-01 16:58:00-05:00,41.766781795,-87.611664534,2,0,3,0 days 00:21:00
2014-06-01 17:00:00-05:00,41.952688965,-87.65357958799999,2,1,1,0 days 00:20:00
2014-06-01 17:00:00-05:00,41.909984251,-87.71745006799999,2,1,2,0 days 00:25:00
2014-06-01 17:00:00-05:00,41.878562813,-87.747906394,2,0,3,0 days 00:32:00
2014-06-01 17:00:00-05:00,41.950932580999996,-87.729143246,2,1,2,0 days 00:32:00
2014-06-01 17:00:00-05:00,41.926152969,-87.758683132,2,1,2,0 days 00:28:00
2014-06-01 17:00:00-05:00,41.747688375,-87.551483355,2,0,3,0 days 00:24:00
2014-06-01 17:00:00-05:00,41.924901179,-87.76967059299999,2,0,3,0 days 00:23:00
2014-06-01 17:00:00-05:00,41.890032092,-87.630214094,2,1,2,0 days 00:17:00
2014-06-01 17:00:00-05:00,41.924901179,-87.76967059299999,2,1,2,0 days 00:23:00
2014-06-01 17:00:00-05:00,41.86751696,-87.703264137,2,0,3,0 days 00:27:00
2014-06-01 17:00:00-05:00,41.924870416,-87.69067665899999,2,1,2,0 days 00:22:00
2014-06-01 17:00:00-05:00,41.725441931999995,-87.57299271299999,2,0,3,0 days 00:21:00
2014-06-01 17:08:00-05:00,41.925115037,-87.75201923200001,2,0,3,0 days 00:18:00
2014-06-01 17:10:00-05:00,41.959889598000004,-87.702093926,2,1,2,0 days 00:24:00
2014-06-01 17:10:00-05:00,41.977017622,-87.692447486,2,1,2,0 days 00:22:00
2014-06-01 17:11:00-05:00,41.750655507,-87.64325166399999,2,0,3,0 days 00:32:00
2014-06-01 17:11:00-05:00,41.793060906,-87.703539139,2,0,3,0 days 00:23:00
2014-06-01 17:15:00-05:00,41.86641507,-87.705004143,2,0,3,0 days 00:21:00
2014-06-01 17:15:00-05:00,41.808424013,-87.68538983,2,0,3,0 days 00:17:00
2014-06-01 17:15:00-05:00,41.928148661,-87.650547519,2,1,2,0 days 00:19:00
2014-06-01 17:19:00-05:00,41.754592961,-87.74152853700001,2,1,2,0 days 00:30:00
2014-06-01 17:22:00-05:00,41.751294965999996,-87.604589185,2,0,3,0 days 00:20:00
2014-06-01 17:30:00-05:00,41.765797912,-87.610128694,2,0,3,0 days 00:20:00
2014-06-01 17:30:00-05:00,41.930049491999995,-87.68592073299999,2,1,2,0 days 00:23:00
2014-06-01 17:30:00-05:00,41.753616696,-87.715084428,2,0,3,0 days 00:24:00
2014-06-01 17:30:00-05:00,41.912437783,-87.736189335,2,1,2,0 days 00:22:00
2014-06-01 17:30:00-05:00,41.76680404,-87.60561968299999,2,0,3,0 days 00:31:00
2014-06-01 17:31:00-05:00,41.884743626,-87.773372899,2,1,1,0 days 00:15:00
2014-06-01 17:33:00-05:00,41.78041724,-87.60542545700001,2,0,3,0 days 00:23:00
2014-06-01 17:40:00-05:00,41.812128635,-87.615212771,2,1,2,0 days 00:23:00
2014-06-01 17:42:00-05:00,41.690761628000004,-87.62401499200001,2,0,3,0 days 00:26:00
2014-06-01 17:45:00-05:00,41.845785471,-87.712388484,2,0,3,0 days 00:23:00
2014-06-01 17:45:00-05:00,41.931439065,-87.67883591299999,2,0,3,0 days 00:16:00
2014-06-01 17:45:00-05:00,41.871899737,-87.729352051,2,0,3,0 days 00:39:00
2014-06-01 17:45:00-05:00,41.692149840999996,-87.61335612299999,2,0,3,0 days 00:20:00
2014-06-01 17:50:00-05:00,41.997808773,-87.68531531299999,2,0,3,0 days 00:21:00
2014-06-01 17:56:00-05:00,41.827580307,-87.63142623700001,2,0,3,0 days 00:16:00
2014-06-01 17:57:00-05:00,41.77780319,-87.65355981799999,2,0,3,0 days 00:21:00
2014-06-01 18:00:00-05:00,41.90982557,-87.736246746,2,1,2,0 days 00:18:00
2014-06-01 18:00:00-05:00,41.913146171,-87.75666522899999,2,0,3,0 days 00:31:00
2014-06-01 18:00:00-05:00,41.897660078,-87.667335203,2,1,2,0 days 00:24:00
2014-06-01 18:00:00-05:00,41.971115935,-87.695106513,2,0,3,0 days 00:21:00
2014-06-01 18:00:00-05:00,41.809451469,-87.700352475,2,0,3,0 days 00:22:00
2014-06-01 18:00:00-05:00,41.95347181,-87.743552438,2,0,3,0 days 00:25:00
2014-06-01 18:00:00-05:00,41.70191623,-87.52924263,2,0,3,0 days 00:21:00
2014-06-01 18:00:00-05:00,41.95347181,-87.743552438,2,1,2,0 days 00:23:00
2014-06-01 18:00:00-05:00,41.716679404000004,-87.62274113,2,0,3,0 days 00:25:00
2014-06-01 18:00:00-05:00,41.924079957,-87.65720520100001,2,1,2,0 days 00:18:00
2014-06-01 18:00:00-05:00,41.950629555999996,-87.669783819,2,1,2,0 days 00:22:00
2014-06-01 18:00:00-05:00,41.898884591,-87.734196199,2,1,2,0 days 00:12:00
2014-06-01 18:00:00-05:00,41.903339138,-87.66802189200001,2,1,2,0 days 00:20:00
2014-06-01 18:00:00-05:00,41.872829869,-87.676335291,2,0,3,0 days 00:24:00
2014-06-01 18:00:00-05:00,41.98262954,-87.65658978,2,1,2,0 days 00:21:00
2014-06-01 18:05:00-05:00,41.899410159,-87.624131266,2,1,2,0 days 00:29:00
2014-06-01 18:10:00-05:00,41.899103445,-87.71695590200001,2,0,3,0 days 00:21:00
2014-06-01 18:13:00-05:00,41.76831036,-87.649345507,2,1,2,0 days 00:28:00
2014-06-01 18:14:00-05:00,42.010305124,-87.697956608,2,0,3,0 days 00:23:00
2014-06-01 18:15:00-05:00,41.807820161,-87.727614164,2,1,2,0 days 00:21:00
2014-06-01 18:17:00-05:00,41.938112878000005,-87.680741375,2,0,3,0 days 00:22:00
2014-06-01 18:20:00-05:00,41.837400134,-87.69606254,2,1,2,0 days 00:23:00
2014-06-01 18:20:00-05:00,41.779004438,-87.701003946,2,0,3,0 days 00:24:00
2014-06-01 18:22:00-05:00,41.70697124,-87.638654175,2,0,3,0 days 00:26:00
2014-06-01 18:23:00-05:00,41.75018049,-87.61368650899999,2,0,3,0 days 00:20:00
2014-06-01 18:23:00-05:00,41.881709104,-87.75358792899999,2,0,3,0 days 00:18:00
2014-06-01 18:24:00-05:00,41.883500186999996,-87.627876698,2,1,2,0 days 00:17:00
2014-06-01 18:24:00-05:00,41.867489495,-87.618874339,2,0,3,0 days 00:22:00
2014-06-01 18:27:00-05:00,41.909959926999996,-87.71957008700001,2,0,3,0 days 00:21:00
2014-06-01 18:30:00-05:00,41.946012066,-87.65307708600001,2,0,3,0 days 00:28:00
2014-06-01 18:30:00-05:00,41.795463586,-87.65976892200001,2,0,3,0 days 00:20:00
2014-06-01 18:30:00-05:00,41.827161886,-87.61173162799999,2,0,3,0 days 00:23:00
2014-06-01 18:30:00-05:00,41.764581624,-87.561127448,2,1,1,0 days 00:20:00
2014-06-01 18:32:00-05:00,41.994565826999995,-87.65922601700001,2,0,3,0 days 00:20:00
2014-06-01 18:32:00-05:00,41.652911844,-87.60473685,2,0,3,0 days 00:18:00
2014-06-01 18:37:00-05:00,41.859019798,-87.710637937,2,0,3,0 days 00:29:00
2014-06-01 18:40:00-05:00,41.729618252,-87.55124457299999,2,1,2,0 days 00:23:00
2014-06-01 18:40:00-05:00,41.903141995,-87.63077557,2,0,3,0 days 00:21:00
2014-06-01 18:45:00-05:00,41.90412856,-87.69690919899999,2,1,2,0 days 00:19:00
2014-06-01 18:45:00-05:00,41.911542759,-87.78507890899999,2,0,3,0 days 00:27:00
2014-06-01 18:47:00-05:00,41.831965309,-87.619350255,2,0,3,0 days 00:13:00
2014-06-01 18:49:00-05:00,41.811606934000004,-87.675174895,2,1,2,0 days 00:21:00
2014-06-01 18:50:00-05:00,41.729358806,-87.60444517,2,0,3,0 days 00:19:00
2014-06-01 18:50:00-05:00,41.997133499,-87.807065274,2,0,3,0 days 00:16:00
2014-06-01 18:51:00-05:00,41.742852856999995,-87.54946072700001,2,0,3,0 days 00:17:00
2014-06-01 18:55:00-05:00,41.888427721,-87.755359801,2,0,3,0 days 00:26:00
2014-06-01 19:00:00-05:00,41.910665332,-87.70188111200001,2,0,3,0 days 00:17:00
2014-06-01 19:00:00-05:00,41.953996645,-87.68953490700001,2,0,3,0 days 00:21:00
2014-06-01 19:00:00-05:00,41.835851695,-87.654743973,2,1,2,0 days 00:27:00
2014-06-01 19:00:00-05:00,41.804101797,-87.661039189,2,0,3,0 days 00:24:00
2014-06-01 19:00:00-05:00,41.764489880999996,-87.63830165,2,1,2,0 days 00:29:00
2014-06-01 19:00:00-05:00,41.875971051,-87.74125093399999,2,0,3,0 days 00:19:00
2014-06-01 19:00:00-05:00,41.808747436,-87.61385669200001,2,0,3,0 days 00:27:00
2014-06-01 19:00:00-05:00,41.787080154,-87.64181614700001,2,0,3,0 days 00:21:00
2014-06-01 19:00:00-05:00,41.796303152,-87.67680208600001,2,0,3,0 days 00:24:00
2014-06-01 19:00:00-05:00,41.962653156,-87.731764414,2,1,2,0 days 00:19:00
2014-06-01 19:00:00-05:00,41.966270629,-87.66254324100001,2,0,3,0 days 00:25:00
2014-06-01 19:00:00-05:00,41.7615124,-87.604220681,2,1,2,0 days 00:24:00
2014-06-01 19:00:00-05:00,41.810638737,-87.607827156,2,1,1,0 days 00:16:00
2014-06-01 19:00:00-05:00,41.895896023,-87.677913394,2,1,2,0 days 00:31:00
2014-06-01 19:01:00-05:00,41.773026958,-87.644610284,2,0,3,0 days 00:26:00
2014-06-01 19:01:00-05:00,41.867163377,-87.718533097,2,0,3,0 days 00:18:00
2014-06-01 19:04:00-05:00,41.680949737,-87.635976238,2,1,1,0 days 00:20:00
2014-06-01 19:08:00-05:00,41.831200469,-87.613763088,2,0,3,0 days 00:18:00
2014-06-01 19:10:00-05:00,41.989463597,-87.65536606799999,2,0,3,0 days 00:28:00
2014-06-01 19:10:00-05:00,41.884710837,-87.765022234,2,0,3,0 days 00:21:00
2014-06-01 19:11:00-05:00,41.764956874,-87.576276158,2,0,3,0 days 00:25:00
2014-06-01 19:20:00-05:00,41.912437783,-87.736189335,2,1,2,0 days 00:23:00
2014-06-01 19:20:00-05:00,41.858033577,-87.727375485,2,0,3,0 days 00:21:00
2014-06-01 19:22:00-05:00,41.747818193,-87.55039707799999,2,0,3,0 days 00:30:00
2014-06-01 19:23:00-05:00,41.95628734,-87.729294876,2,0,3,0 days 00:17:00
2014-06-01 19:25:00-05:00,41.875284555,-87.72437424200001,2,0,3,0 days 00:26:00
2014-06-01 19:30:00-05:00,41.798628606,-87.60547245299999,2,0,3,0 days 00:29:00
2014-06-01 19:30:00-05:00,41.777244966,-87.69646412,2,0,3,0 days 00:26:00
2014-06-01 19:30:00-05:00,41.876231323,-87.721277209,2,0,3,0 days 00:19:00
2014-06-01 19:30:00-05:00,41.844000177,-87.628442902,2,0,3,0 days 00:25:00
2014-06-01 19:30:00-05:00,41.894029785,-87.749061702,2,1,2,0 days 00:20:00
2014-06-01 19:30:00-05:00,41.965457044000004,-87.652995284,2,0,3,0 days 00:24:00
2014-06-01 19:30:00-05:00,41.944243439,-87.654239051,2,0,3,0 days 00:24:00
2014-06-01 19:30:00-05:00,41.847600702,-87.707566594,2,0,3,0 days 00:24:00
2014-06-01 19:30:00-05:00,41.802444929,-87.655085571,2,1,1,0 days 00:23:00
2014-06-01 19:30:00-05:00,41.800725062,-87.65382740000001,2,1,1,0 days 00:20:00
2014-06-01 19:34:00-05:00,41.749349688,-87.556487387,2,0,3,0 days 00:20:00
2014-06-01 19:35:00-05:00,41.98382725,-87.778018929,2,0,3,0 days 00:28:00
2014-06-01 19:39:00-05:00,41.850099098,-87.67823796200001,2,0,3,0 days 00:24:00
2014-06-01 19:42:00-05:00,41.813542636,-87.639891854,2,0,3,0 days 00:20:00
2014-06-01 19:44:00-05:00,41.827405440999996,-87.622182081,2,1,1,0 days 00:25:00
2014-06-01 19:45:00-05:00,41.747300318,-87.698662043,2,0,3,0 days 00:23:00
2014-06-01 19:45:00-05:00,41.800615481,-87.689106709,2,1,2,0 days 00:22:00
2014-06-01 19:45:00-05:00,41.766105333,-87.65050159299999,2,0,3,0 days 00:29:00
2014-06-01 19:50:00-05:00,41.899945921,-87.627798561,2,1,2,0 days 00:19:00
2014-06-01 19:50:00-05:00,41.84056862,-87.675417664,2,0,3,0 days 00:19:00
2014-06-01 19:52:00-05:00,41.738189327,-87.592327445,2,0,3,0 days 00:34:00
2014-06-01 19:54:00-05:00,41.874540188000005,-87.76161313799999,2,1,1,0 days 00:19:00
2014-06-01 19:58:00-05:00,41.809231488,-87.626403294,2,0,3,0 days 00:21:00
2014-06-01 20:00:00-05:00,41.670002157,-87.640446289,2,0,3,0 days 00:20:00
2014-06-01 20:00:00-05:00,41.978495324,-87.68925142299999,2,0,3,0 days 00:21:00
2014-06-01 20:00:00-05:00,41.717682177,-87.56985724200001,2,1,2,0 days 00:17:00
2014-06-01 20:00:00-05:00,41.783012885,-87.62377646700001,2,0,3,0 days 00:20:00
2014-06-01 20:00:00-05:00,41.786420549,-87.692768911,2,0,3,0 days 00:25:00
2014-06-01 20:00:00-05:00,41.935749944,-87.696844829,2,1,2,0 days 00:25:00
2014-06-01 20:00:00-05:00,41.76765006,-87.56650116700001,2,0,3,0 days 00:20:00
2014-06-01 20:00:00-05:00,41.762527673,-87.641478715,2,1,2,0 days 00:25:00
2014-06-01 20:00:00-05:00,41.859492718,-87.656472706,2,1,2,0 days 00:30:00
2014-06-01 20:00:00-05:00,41.764443854,-87.69863607299999,2,1,1,0 days 00:18:00
2014-06-01 20:00:00-05:00,41.735675715,-87.64531358100001,2,0,3,0 days 00:23:00
2014-06-01 20:00:00-05:00,41.896888585999996,-87.628203192,2,0,3,0 days 00:24:00
2014-06-01 20:00:00-05:00,41.893222916,-87.742079626,2,0,3,0 days 00:23:00
2014-06-01 20:02:00-05:00,41.783528828,-87.700831164,2,1,1,0 days 00:28:00
2014-06-01 20:10:00-05:00,41.797277742,-87.653742794,2,1,1,0 days 00:21:00
2014-06-01 20:12:00-05:00,41.834734944000004,-87.61068149,2,0,3,0 days 00:22:00
2014-06-01 20:13:00-05:00,41.770967079,-87.582580406,2,0,3,0 days 00:31:00
2014-06-01 20:14:00-05:00,41.878351391,-87.74519839,2,1,2,0 days 00:22:00
2014-06-01 20:14:00-05:00,41.844181884,-87.72971556899999,2,0,3,0 days 00:23:00
2014-06-01 20:17:00-05:00,41.754145902,-87.584469647,2,0,3,0 days 00:27:00
2014-06-01 20:20:00-05:00,41.870738861,-87.7335302,2,1,2,0 days 00:17:00
2014-06-01 20:23:00-05:00,41.821157242,-87.623150057,2,0,3,0 days 00:23:00
2014-06-01 20:28:00-05:00,41.848322386,-87.691149761,2,0,3,0 days 00:24:00
2014-06-01 20:30:00-05:00,41.804154645,-87.667284814,2,0,3,0 days 00:18:00
2014-06-01 20:30:00-05:00,41.903166634,-87.678592091,2,0,3,0 days 00:21:00
2014-06-01 20:30:00-05:00,41.771472619,-87.590269194,2,1,2,0 days 00:26:00
2014-06-01 20:30:00-05:00,41.929392781,-87.64017834200001,2,1,2,0 days 00:25:00
2014-06-01 20:30:00-05:00,41.771472619,-87.590269194,2,1,2,0 days 00:23:00
2014-06-01 20:30:00-05:00,41.668781906999996,-87.63607097100001,2,0,3,0 days 00:23:00
2014-06-01 20:30:00-05:00,41.906328239000004,-87.755870641,2,1,2,0 days 00:16:00
2014-06-01 20:30:00-05:00,41.743844576,-87.67609090299999,2,0,3,0 days 00:25:00
2014-06-01 20:30:00-05:00,41.924197345,-87.641439855,2,1,2,0 days 00:25:00
2014-06-01 20:30:00-05:00,42.015893622,-87.69080246600001,2,1,2,0 days 00:24:00
2014-06-01 20:33:00-05:00,41.903133353,-87.680458524,2,0,3,0 days 00:18:00
2014-06-01 20:34:00-05:00,41.902582485,-87.731840051,2,0,3,0 days 00:25:00
2014-06-01 20:37:00-05:00,41.750619934,-87.64555714,2,0,3,0 days 00:18:00
2014-06-01 20:37:00-05:00,41.893300532,-87.626200558,2,0,3,0 days 00:18:00
2014-06-01 20:43:00-05:00,41.765758186999996,-87.612541077,2,0,3,0 days 00:25:00
2014-06-01 20:45:00-05:00,41.880137913,-87.771510963,2,0,3,0 days 00:20:00
2014-06-01 20:45:00-05:00,41.691600734,-87.635110634,2,0,3,0 days 00:22:00
2014-06-01 20:48:00-05:00,41.69017063,-87.635060197,2,1,1,0 days 00:23:00
2014-06-01 20:50:00-05:00,41.673716148000004,-87.636962086,2,0,3,0 days 00:24:00
2014-06-01 20:50:00-05:00,41.930380649,-87.709554828,2,0,3,0 days 00:27:00
2014-06-01 20:53:00-05:00,42.018244679,-87.690186314,2,0,3,0 days 00:25:00
2014-06-01 21:00:00-05:00,41.911478383,-87.74436901899999,2,1,2,0 days 00:29:00
2014-06-01 21:00:00-05:00,41.789612016999996,-87.668117423,2,1,2,0 days 00:25:00
2014-06-01 21:00:00-05:00,41.752395461999996,-87.601571604,2,0,3,0 days 00:25:00
2014-06-01 21:00:00-05:00,41.903168666,-87.67846717399999,2,0,3,0 days 00:22:00
2014-06-01 21:00:00-05:00,41.975812038,-87.699704419,2,0,3,0 days 00:22:00
2014-06-01 21:00:00-05:00,41.909533454,-87.753137849,2,1,2,0 days 00:20:00
2014-06-01 21:00:00-05:00,41.920870629,-87.78111518899999,2,0,3,0 days 00:24:00
2014-06-01 21:00:00-05:00,41.907624808,-87.674064663,2,1,2,0 days 00:28:00
2014-06-01 21:05:00-05:00,41.664124364,-87.622122534,2,1,1,0 days 00:23:00
2014-06-01 21:05:00-05:00,41.894862353,-87.764025029,2,1,2,0 days 00:23:00
2014-06-01 21:06:00-05:00,41.918114778,-87.652690034,2,0,3,0 days 00:21:00
2014-06-01 21:10:00-05:00,41.687121885,-87.624336878,2,0,3,0 days 00:22:00
2014-06-01 21:15:00-05:00,41.784643177,-87.650986925,2,0,3,0 days 00:17:00
2014-06-01 21:15:00-05:00,41.753318978,-87.584754123,2,0,3,0 days 00:25:00
2014-06-01 21:20:00-05:00,41.758214815,-87.62411933799999,2,0,3,0 days 00:28:00
2014-06-01 21:20:00-05:00,41.770577599,-87.649882295,2,0,3,0 days 00:16:00
2014-06-01 21:25:00-05:00,41.825008437,-87.63269443,2,0,3,0 days 00:20:00
2014-06-01 21:28:00-05:00,41.691413679,-87.66882624600001,2,0,3,0 days 00:19:00
2014-06-01 21:30:00-05:00,41.780155491,-87.586451255,2,1,1,0 days 00:17:00
2014-06-01 21:30:00-05:00,41.76050735,-87.669770587,2,0,3,0 days 00:21:00
2014-06-01 21:30:00-05:00,41.971582915999996,-87.75583321,2,0,3,0 days 00:19:00
2014-06-01 21:30:00-05:00,41.96386576,-87.836691894,2,0,3,0 days 00:27:00
2014-06-01 21:30:00-05:00,41.863710186,-87.721444366,2,0,3,0 days 00:26:00
2014-06-01 21:30:00-05:00,41.76778731,-87.684548902,2,0,3,0 days 00:20:00
2014-06-01 21:31:00-05:00,41.909591067,-87.74880593299999,2,0,3,0 days 00:26:00
2014-06-01 21:32:00-05:00,41.719644819,-87.567863355,2,1,1,0 days 00:20:00
2014-06-01 21:33:00-05:00,41.752416206,-87.577226129,2,0,3,0 days 00:33:00
2014-06-01 21:39:00-05:00,41.720928881,-87.55192137700001,2,0,3,0 days 00:23:00
2014-06-01 21:41:00-05:00,41.898119097,-87.717622858,2,0,3,0 days 00:17:00
2014-06-01 21:41:00-05:00,41.877104194,-87.724412047,2,1,1,0 days 00:15:00
2014-06-01 21:41:00-05:00,41.682152716,-87.624025349,2,1,1,0 days 00:24:00
2014-06-01 21:43:00-05:00,41.682630304,-87.644795355,2,0,3,0 days 00:23:00
2014-06-01 21:47:00-05:00,41.745265005,-87.60016117100001,2,1,1,0 days 00:21:00
2014-06-01 21:47:00-05:00,41.84566219,-87.72214853700001,2,0,3,0 days 00:18:00
2014-06-01 21:49:00-05:00,41.874466078000005,-87.76161012700001,2,0,3,0 days 00:28:00
2014-06-01 21:49:00-05:00,41.845627244,-87.719711908,2,0,3,0 days 00:30:00
2014-06-01 21:50:00-05:00,41.911376793,-87.634719194,2,0,3,0 days 00:21:00
2014-06-01 21:50:00-05:00,41.703988426,-87.623430191,2,0,3,0 days 00:22:00
2014-06-01 21:50:00-05:00,41.878795026,-87.731773084,2,0,3,0 days 00:19:00
2014-06-01 21:50:00-05:00,41.751281494000004,-87.56380088200001,2,1,1,0 days 00:23:00
2014-06-01 21:54:00-05:00,41.795791695,-87.768500254,2,0,3,0 days 00:20:00
2014-06-01 21:58:00-05:00,41.880362084,-87.75584743799999,2,1,2,0 days 00:21:00
2014-06-01 22:00:00-05:00,41.930639867,-87.737699069,2,1,2,0 days 00:17:00
2014-06-01 22:00:00-05:00,41.684874134,-87.65756650799999,2,1,2,0 days 00:25:00
2014-06-01 22:00:00-05:00,41.768988584,-87.57883143,2,1,2,0 days 00:19:00
2014-06-01 22:00:00-05:00,41.979006297,-87.906463155,2,1,2,0 days 00:22:00
2014-06-01 22:00:00-05:00,41.900424795999996,-87.642467932,2,0,3,0 days 00:20:00
2014-06-01 22:00:00-05:00,41.782655024,-87.66429915399999,2,0,3,0 days 00:26:00
2014-06-01 22:00:00-05:00,42.019380377,-87.67224544700001,2,1,2,0 days 00:23:00
2014-06-01 22:00:00-05:00,41.705159140999996,-87.70376050899999,2,0,3,0 days 00:27:00
2014-06-01 22:00:00-05:00,41.79682004,-87.791705491,2,0,3,0 days 00:26:00
2014-06-01 22:00:00-05:00,41.869678144,-87.645181901,2,0,3,0 days 00:30:00
2014-06-01 22:00:00-05:00,41.801393071,-87.659145685,2,0,3,0 days 00:36:00
2014-06-01 22:00:00-05:00,41.9637107,-87.708325309,2,0,3,0 days 00:27:00
2014-06-01 22:00:00-05:00,41.746703692,-87.664126537,2,0,3,0 days 00:34:00
2014-06-01 22:00:00-05:00,41.754237558,-87.647039455,2,1,2,0 days 00:28:00
2014-06-01 22:00:00-05:00,41.962007229,-87.70093321899999,2,1,2,0 days 00:14:00
2014-06-01 22:06:00-05:00,41.765448289,-87.72243391,2,0,3,0 days 00:23:00
2014-06-01 22:07:00-05:00,41.922462239,-87.78053558799999,2,0,3,0 days 00:31:00
2014-06-01 22:10:00-05:00,41.893992694,-87.72604402799999,2,0,3,0 days 00:24:00
2014-06-01 22:10:00-05:00,41.777735301999996,-87.63087016200001,2,1,1,0 days 00:21:00
2014-06-01 22:15:00-05:00,41.846032941,-87.72842095799999,2,0,3,0 days 00:25:00
2014-06-01 22:15:00-05:00,41.73964142,-87.56727417100001,2,0,3,0 days 00:29:00
2014-06-01 22:16:00-05:00,41.743970231999995,-87.556394671,2,0,3,0 days 00:26:00
2014-06-01 22:20:00-05:00,41.866810739,-87.625817031,2,1,2,0 days 00:22:00
2014-06-01 22:20:00-05:00,41.922332671,-87.644410632,2,1,1,0 days 00:19:00
2014-06-01 22:20:00-05:00,41.880771503000005,-87.72201604799999,2,0,3,0 days 00:25:00
2014-06-01 22:21:00-05:00,41.780279562,-87.695862137,2,1,1,0 days 00:19:00
2014-06-01 22:23:00-05:00,41.885741529,-87.631344503,2,1,1,0 days 00:24:00
2014-06-01 22:23:00-05:00,41.735873659,-87.657394882,2,0,3,0 days 00:33:00
2014-06-01 22:25:00-05:00,41.791968965,-87.624015069,2,1,1,0 days 00:19:00
2014-06-01 22:25:00-05:00,41.906570698,-87.728863727,2,1,1,0 days 00:23:00
2014-06-01 22:25:00-05:00,41.913499486,-87.685996164,2,0,3,0 days 00:23:00
2014-06-01 22:30:00-05:00,41.88136214,-87.673534165,2,1,2,0 days 00:21:00
2014-06-01 22:30:00-05:00,41.881348623,-87.674525788,2,0,3,0 days 00:21:00
2014-06-01 22:30:00-05:00,41.965482615999996,-87.65129256700001,2,0,3,0 days 00:21:00
2014-06-01 22:30:00-05:00,41.897835726,-87.720053506,2,1,2,0 days 00:22:00
2014-06-01 22:30:00-05:00,41.900031703,-87.714026753,2,0,3,0 days 00:18:00
2014-06-01 22:30:00-05:00,41.743199209000004,-87.624317581,2,1,1,0 days 00:28:00
2014-06-01 22:30:00-05:00,41.778416297,-87.68606594399999,2,0,3,0 days 00:20:00
2014-06-01 22:30:00-05:00,41.896510391,-87.663585965,2,0,3,0 days 00:25:00
2014-06-01 22:35:00-05:00,42.01774311,-87.81022579,2,0,3,0 days 00:19:00
2014-06-01 22:36:00-05:00,41.841886247,-87.707402081,2,0,3,0 days 00:27:00
2014-06-01 22:40:00-05:00,41.90897137,-87.727720585,2,0,3,0 days 00:23:00
2014-06-01 22:40:00-05:00,41.800796541,-87.659907455,2,0,3,0 days 00:19:00
2014-06-01 22:40:00-05:00,41.744980208,-87.657552215,2,0,3,0 days 00:20:00
2014-06-01 22:41:00-05:00,41.996850539,-87.68863595200001,2,0,3,0 days 00:18:00
2014-06-01 22:43:00-05:00,41.941032127,-87.717904878,2,0,3,0 days 00:24:00
2014-06-01 22:45:00-05:00,41.903127251,-87.680833274,2,1,2,0 days 00:29:00
2014-06-01 22:45:00-05:00,41.90316852,-87.67844146200001,2,0,3,0 days 00:16:00
2014-06-01 22:46:00-05:00,41.922482178,-87.77445039700001,2,0,3,0 days 00:29:00
2014-06-01 22:50:00-05:00,41.74348344,-87.60137233299999,2,1,1,0 days 00:22:00
2014-06-01 23:00:00-05:00,41.759081459,-87.56022212200001,2,0,3,0 days 00:19:00
2014-06-01 23:00:00-05:00,41.750656962,-87.60394775,2,0,3,0 days 00:25:00
2014-06-01 23:00:00-05:00,41.814176534,-87.619723936,2,1,2,0 days 00:20:00
2014-06-01 23:00:00-05:00,41.884710837,-87.765022234,2,1,1,0 days 00:25:00
2014-06-01 23:00:00-05:00,41.796502120999996,-87.697538725,2,1,2,0 days 00:25:00
2014-06-01 23:00:00-05:00,41.749407184,-87.58163333600001,2,1,2,0 days 00:35:00
2014-06-01 23:00:00-05:00,41.904163293,-87.746717481,2,1,1,0 days 00:25:00
2014-06-01 23:00:00-05:00,41.892715955999996,-87.704004529,2,1,2,0 days 00:20:00
2014-06-01 23:00:00-05:00,41.874501166,-87.713873061,2,1,1,0 days 00:17:00
2014-06-01 23:05:00-05:00,41.792174394,-87.66750786600001,2,0,3,0 days 00:23:00
2014-06-01 23:08:00-05:00,41.765976456,-87.662632344,2,0,3,0 days 00:24:00
2014-06-01 23:10:00-05:00,41.884620263,-87.765019364,2,0,3,0 days 00:24:00
2014-06-01 23:10:00-05:00,41.910005379,-87.71576358700001,2,0,3,0 days 00:25:00
2014-06-01 23:11:00-05:00,41.767722814,-87.693108905,2,0,3,0 days 00:28:00
2014-06-01 23:12:00-05:00,41.786401658,-87.62905953299999,2,0,3,0 days 00:20:00
2014-06-01 23:13:00-05:00,41.766980264000004,-87.647193248,2,0,3,0 days 00:40:00
2014-06-01 23:15:00-05:00,41.997761078,-87.688052861,2,0,3,0 days 00:26:00
2014-06-01 23:20:00-05:00,41.758312606,-87.57124506299999,2,0,3,0 days 00:26:00
2014-06-01 23:20:00-05:00,41.923527569,-87.655208387,2,0,3,0 days 00:31:00
2014-06-01 23:25:00-05:00,41.911833794,-87.633156475,2,0,3,0 days 00:26:00
2014-06-01 23:26:00-05:00,41.717431532,-87.628564039,2,1,1,0 days 00:20:00
2014-06-01 23:28:00-05:00,41.885495793000004,-87.618644375,2,0,3,0 days 00:25:00
2014-06-01 23:30:00-05:00,41.949105482,-87.6504195,2,1,2,0 days 00:23:00
2014-06-01 23:30:00-05:00,41.874959727,-87.74631634,2,1,2,0 days 00:23:00
2014-06-01 23:30:00-05:00,41.945103100000004,-87.654825411,2,0,3,0 days 00:19:00
2014-06-01 23:30:00-05:00,41.918994082,-87.784081854,2,0,3,0 days 00:18:00
2014-06-01 23:30:00-05:00,41.907808877,-87.682277115,2,1,2,0 days 00:19:00
2014-06-01 23:30:00-05:00,41.968277531,-87.724758,2,0,3,0 days 00:18:00
2014-06-01 23:30:00-05:00,41.853668955,-87.71990300200001,2,0,3,0 days 00:25:00
2014-06-01 23:30:00-05:00,41.859018228000004,-87.710854535,2,0,3,0 days 00:32:00
2014-06-01 23:30:00-05:00,41.955682921,-87.648044165,2,1,2,0 days 00:30:00
2014-06-01 23:30:00-05:00,41.923592987,-87.65142654899999,2,1,2,0 days 00:14:00
2014-06-01 23:32:00-05:00,41.73964142,-87.56727417100001,2,0,3,0 days 00:29:00
2014-06-01 23:34:00-05:00,41.979992818,-87.80697841,2,0,3,0 days 00:20:00
2014-06-01 23:41:00-05:00,41.772599929,-87.58384078,2,0,3,0 days 00:21:00
2014-06-01 23:41:00-05:00,41.811454207,-87.694298619,2,1,1,0 days 00:25:00
2014-06-01 23:45:00-05:00,41.905838136,-87.75882860899999,2,0,3,0 days 00:28:00
2014-06-01 23:45:00-05:00,41.686109903,-87.67042944299999,2,1,2,0 days 00:27:00
2014-06-01 23:47:00-05:00,41.656339289,-87.613846584,2,0,3,0 days 00:39:00
2014-06-01 23:48:00-05:00,41.800770653,-87.655040879,2,0,3,0 days 00:17:00
2014-06-01 23:54:00-05:00,41.917126335,-87.729634915,2,0,3,0 days 00:28:00
2014-06-01 23:55:00-05:00,41.945760765,-87.679733392,2,0,3,0 days 00:21:00
