Timestamp,Latitude,Longitude,#Units,Police,Priority,Service Time
2014-07-27 00:00:00-05:00,41.725527805,-87.565683486,3,1,2,0 days 00:25:00
2014-07-27 00:00:00-05:00,41.928591474,-87.648870731,2,1,2,0 days 00:24:00
2014-07-27 00:00:00-05:00,41.919057214,-87.78408498700001,1,0,3,0 days 00:18:00
2014-07-27 00:00:00-05:00,41.891895815,-87.773512438,2,1,2,0 days 00:19:00
2014-07-27 00:00:00-05:00,41.928591474,-87.648870731,1,0,3,0 days 00:24:00
2014-07-27 00:01:00-05:00,41.981847263,-87.657024704,1,0,3,0 days 00:21:00
2014-07-27 00:01:00-05:00,41.869848002,-87.77060242299999,1,0,3,0 days 00:19:00
2014-07-27 00:01:00-05:00,41.757951154000004,-87.607823482,2,1,2,0 days 00:24:00
2014-07-27 00:01:00-05:00,41.947249932,-87.65357855799999,1,0,3,0 days 00:21:00
2014-07-27 00:01:00-05:00,41.917236168,-87.720837789,2,0,3,0 days 00:18:00
2014-07-27 00:01:00-05:00,41.808601975,-87.61957306299999,1,0,3,0 days 00:19:00
2014-07-27 00:01:00-05:00,41.934528186,-87.649953924,3,1,2,0 days 00:19:00
2014-07-27 00:01:00-05:00,41.764968455,-87.659673773,3,1,2,0 days 00:20:00
2014-07-27 00:05:00-05:00,41.753428709,-87.669583295,2,0,3,0 days 00:18:00
2014-07-27 00:05:00-05:00,41.743153385999996,-87.657703285,3,1,2,0 days 00:28:00
2014-07-27 00:05:00-05:00,41.921551986,-87.735251886,1,0,3,0 days 00:18:00
2014-07-27 00:05:00-05:00,41.869145417,-87.744856892,2,0,3,0 days 00:24:00
2014-07-27 00:05:00-05:00,41.681577035,-87.630829734,2,0,3,0 days 00:19:00
2014-07-27 00:05:00-05:00,41.813274608,-87.643232869,2,0,3,0 days 00:19:00
2014-07-27 00:10:00-05:00,41.963618619,-87.685283169,2,1,2,0 days 00:29:00
2014-07-27 00:10:00-05:00,41.729225316,-87.563360786,3,1,2,0 days 00:23:00
2014-07-27 00:11:00-05:00,41.851998969,-87.73207928299999,1,0,3,0 days 00:19:00
2014-07-27 00:13:00-05:00,41.841351913000004,-87.62664804200001,1,0,3,0 days 00:25:00
2014-07-27 00:14:00-05:00,41.771272649000004,-87.66399220299999,3,1,1,0 days 00:29:00
2014-07-27 00:15:00-05:00,41.82864144,-87.648553224,1,0,3,0 days 00:25:00
2014-07-27 00:15:00-05:00,41.949726706,-87.651978881,1,0,3,0 days 00:26:00
2014-07-27 00:20:00-05:00,41.869145417,-87.744856892,1,0,3,0 days 00:27:00
2014-07-27 00:20:00-05:00,41.768241700000004,-87.634742082,3,1,1,0 days 00:29:00
2014-07-27 00:20:00-05:00,41.749513680999996,-87.599808664,2,0,3,0 days 00:25:00
2014-07-27 00:29:00-05:00,41.743918034000004,-87.580711666,1,0,3,0 days 00:30:00
2014-07-27 00:30:00-05:00,41.901170533,-87.66743463700001,3,1,2,0 days 00:21:00
2014-07-27 00:30:00-05:00,41.943001555,-87.64936355299999,2,1,2,0 days 00:24:00
2014-07-27 00:30:00-05:00,41.90416925,-87.62868512600001,1,0,3,0 days 00:26:00
2014-07-27 00:30:00-05:00,41.778402181,-87.69581107,1,0,3,0 days 00:16:00
2014-07-27 00:30:00-05:00,41.996955672,-87.817463061,2,0,3,0 days 00:28:00
2014-07-27 00:30:00-05:00,41.890053025,-87.62870440200001,2,1,2,0 days 00:23:00
2014-07-27 00:37:00-05:00,41.751305337,-87.603628907,2,0,3,0 days 00:27:00
2014-07-27 00:40:00-05:00,41.763327102,-87.584703781,3,1,1,0 days 00:24:00
2014-07-27 00:40:00-05:00,41.968444497,-87.70934173799999,1,0,3,0 days 00:21:00
2014-07-27 00:46:00-05:00,41.770619163,-87.57765025399999,3,1,2,0 days 00:24:00
2014-07-27 00:50:00-05:00,41.868518128000005,-87.624113021,1,0,3,0 days 00:20:00
2014-07-27 00:52:00-05:00,41.793585807,-87.64392450700001,1,0,3,0 days 00:31:00
2014-07-27 01:00:00-05:00,41.755068083000005,-87.55354511700001,1,0,3,0 days 00:22:00
2014-07-27 01:00:00-05:00,41.825662252,-87.675504259,1,0,3,0 days 00:19:00
2014-07-27 01:00:00-05:00,41.944385999,-87.70531615600001,2,1,2,0 days 00:30:00
2014-07-27 01:00:00-05:00,41.773155114,-87.679699703,2,1,2,0 days 00:29:00
2014-07-27 01:00:00-05:00,41.944134898,-87.76013535,1,0,3,0 days 00:23:00
2014-07-27 01:00:00-05:00,41.785871858,-87.79378500899999,2,1,2,0 days 00:26:00
2014-07-27 01:00:00-05:00,41.762316663,-87.674681864,2,1,2,0 days 00:29:00
2014-07-27 01:00:00-05:00,41.95052173,-87.760342815,1,0,3,0 days 00:27:00
2014-07-27 01:00:00-05:00,41.770975901,-87.59111807299999,2,0,3,0 days 00:25:00
2014-07-27 01:00:00-05:00,41.880626297,-87.734036299,3,1,2,0 days 00:16:00
2014-07-27 01:00:00-05:00,41.910423537,-87.680722233,1,0,3,0 days 00:19:00
2014-07-27 01:00:00-05:00,41.88560351,-87.77300182200001,2,0,3,0 days 00:22:00
2014-07-27 01:00:00-05:00,41.957539026999996,-87.711367289,2,1,2,0 days 00:22:00
2014-07-27 01:00:00-05:00,41.78486933,-87.622212339,2,1,2,0 days 00:16:00
2014-07-27 01:03:00-05:00,41.679188264000004,-87.627498906,2,0,3,0 days 00:24:00
2014-07-27 01:03:00-05:00,41.679188264000004,-87.627498906,1,0,3,0 days 00:26:00
2014-07-27 01:03:00-05:00,41.903318945,-87.694426658,3,1,1,0 days 00:30:00
2014-07-27 01:07:00-05:00,41.783601700000006,-87.699613143,3,1,2,0 days 00:33:00
2014-07-27 01:10:00-05:00,41.804009517,-87.669710695,2,0,3,0 days 00:29:00
2014-07-27 01:18:00-05:00,41.779476826,-87.70557490600001,1,0,3,0 days 00:26:00
2014-07-27 01:23:00-05:00,41.870251601,-87.745977578,2,0,3,0 days 00:24:00
2014-07-27 01:23:00-05:00,41.892902529000004,-87.635607369,2,0,3,0 days 00:16:00
2014-07-27 01:25:00-05:00,41.936595192,-87.706326134,2,1,1,0 days 00:20:00
2014-07-27 01:28:00-05:00,41.851670399999996,-87.714141111,2,0,3,0 days 00:31:00
2014-07-27 01:29:00-05:00,41.870026489000004,-87.744889197,3,1,2,0 days 00:21:00
2014-07-27 01:30:00-05:00,41.968427294,-87.71122829,2,0,3,0 days 00:18:00
2014-07-27 01:45:00-05:00,41.911609558,-87.67936550600001,3,1,2,0 days 00:29:00
2014-07-27 01:45:00-05:00,41.777701473,-87.703106505,2,0,3,0 days 00:30:00
2014-07-27 01:45:00-05:00,41.690094564,-87.612079294,1,0,3,0 days 00:20:00
2014-07-27 01:45:00-05:00,41.82056367,-87.704462042,2,0,3,0 days 00:27:00
2014-07-27 01:46:00-05:00,41.852439591999996,-87.72352286200001,1,0,3,0 days 00:20:00
2014-07-27 01:46:00-05:00,41.99049702,-87.689976484,1,0,3,0 days 00:21:00
2014-07-27 01:48:00-05:00,41.679114149,-87.627496055,2,0,3,0 days 00:18:00
2014-07-27 01:50:00-05:00,41.892680776,-87.716231674,1,0,3,0 days 00:18:00
2014-07-27 02:00:00-05:00,41.857955218,-87.646643775,3,1,2,0 days 00:16:00
2014-07-27 02:00:00-05:00,41.782506798,-87.66429336200001,3,1,2,0 days 00:20:00
2014-07-27 02:00:00-05:00,41.808387382,-87.687657019,2,0,3,0 days 00:27:00
2014-07-27 02:00:00-05:00,41.852822294,-87.70894353799999,2,1,2,0 days 00:20:00
2014-07-27 02:00:00-05:00,41.703093583000005,-87.618529296,2,0,3,0 days 00:24:00
2014-07-27 02:00:00-05:00,41.936143172,-87.662285701,3,1,2,0 days 00:21:00
2014-07-27 02:00:00-05:00,41.894372088000004,-87.71384269200001,3,1,1,0 days 00:29:00
2014-07-27 02:00:00-05:00,41.895774382,-87.685007181,2,1,1,0 days 00:29:00
2014-07-27 02:00:00-05:00,41.853904213,-87.627104517,3,1,2,0 days 00:34:00
2014-07-27 02:00:00-05:00,41.829302505,-87.68345481,1,0,3,0 days 00:14:00
2014-07-27 02:00:00-05:00,41.879483871,-87.68149247299999,2,1,2,0 days 00:30:00
2014-07-27 02:00:00-05:00,41.764707098,-87.624890909,2,1,2,0 days 00:14:00
2014-07-27 02:00:00-05:00,41.886103757,-87.679214378,2,1,2,0 days 00:22:00
2014-07-27 02:00:00-05:00,41.884163015,-87.654993169,3,1,2,0 days 00:31:00
2014-07-27 02:00:00-05:00,41.798441694,-87.68660896,1,0,3,0 days 00:22:00
2014-07-27 02:00:00-05:00,41.920549666,-87.74897783600001,3,1,2,0 days 00:17:00
2014-07-27 02:00:00-05:00,41.853853291,-87.625519384,1,0,3,0 days 00:22:00
2014-07-27 02:05:00-05:00,41.881414379,-87.761581241,2,0,3,0 days 00:17:00
2014-07-27 02:06:00-05:00,41.753105641,-87.55552955600001,2,0,3,0 days 00:24:00
2014-07-27 02:07:00-05:00,41.899100937,-87.717000005,2,0,3,0 days 00:25:00
2014-07-27 02:15:00-05:00,41.772385688,-87.59014867799999,2,0,3,0 days 00:20:00
2014-07-27 02:15:00-05:00,41.953173021,-87.767612828,1,0,3,0 days 00:28:00
2014-07-27 02:15:00-05:00,41.743244453,-87.68640098600001,3,1,2,0 days 00:20:00
2014-07-27 02:16:00-05:00,41.849316236,-87.71370869299999,2,0,3,0 days 00:22:00
2014-07-27 02:20:00-05:00,41.845043369,-87.73334086,2,1,2,0 days 00:19:00
2014-07-27 02:20:00-05:00,41.896393774,-87.647087965,1,0,3,0 days 00:24:00
2014-07-27 02:20:00-05:00,41.783236508,-87.61209236200001,1,0,3,0 days 00:21:00
2014-07-27 02:25:00-05:00,41.864198228,-87.70309480700001,2,0,3,0 days 00:26:00
2014-07-27 02:25:00-05:00,41.889453169,-87.62799483299999,2,0,3,0 days 00:24:00
2014-07-27 02:25:00-05:00,41.98054494,-87.820434856,2,0,3,0 days 00:21:00
2014-07-27 02:25:00-05:00,41.772429771999995,-87.583839095,1,0,3,0 days 00:21:00
2014-07-27 02:30:00-05:00,41.921007059000004,-87.642558279,3,1,2,0 days 00:24:00
2014-07-27 02:30:00-05:00,41.945711966,-87.78238224,2,1,1,0 days 00:26:00
2014-07-27 02:30:00-05:00,41.757836524,-87.62152494200001,1,0,3,0 days 00:24:00
2014-07-27 02:30:00-05:00,41.878889306,-87.724149074,2,0,3,0 days 00:28:00
2014-07-27 02:30:00-05:00,41.949292379,-87.64954627899999,2,1,1,0 days 00:16:00
2014-07-27 02:30:00-05:00,41.939585285,-87.67715377399999,2,0,3,0 days 00:24:00
2014-07-27 02:30:00-05:00,41.896338807,-87.718782269,2,0,3,0 days 00:26:00
2014-07-27 02:30:00-05:00,41.732025778,-87.60870514,2,0,3,0 days 00:22:00
2014-07-27 02:30:00-05:00,41.891403389000004,-87.744197215,3,1,1,0 days 00:24:00
2014-07-27 02:31:00-05:00,41.920789089,-87.768303152,1,0,3,0 days 00:23:00
2014-07-27 02:35:00-05:00,41.869782186,-87.74487675200001,2,0,3,0 days 00:21:00
2014-07-27 02:39:00-05:00,41.880456001999995,-87.748377506,2,0,3,0 days 00:20:00
2014-07-27 02:40:00-05:00,41.850486567,-87.714963686,1,0,3,0 days 00:26:00
2014-07-27 02:43:00-05:00,41.767784667,-87.68700126799999,1,0,3,0 days 00:24:00
2014-07-27 02:50:00-05:00,41.880489945,-87.74588749899999,1,0,3,0 days 00:19:00
2014-07-27 02:50:00-05:00,41.75048339,-87.599101334,2,0,3,0 days 00:22:00
2014-07-27 02:50:00-05:00,41.877684757,-87.74577732799999,2,0,3,0 days 00:31:00
2014-07-27 02:50:00-05:00,41.880489945,-87.74588749899999,1,0,3,0 days 00:25:00
2014-07-27 02:52:00-05:00,41.974498548,-87.78233647299999,2,1,2,0 days 00:16:00
2014-07-27 02:56:00-05:00,41.855006645,-87.669774742,1,0,3,0 days 00:28:00
2014-07-27 03:00:00-05:00,41.925378803,-87.668153074,2,1,2,0 days 00:24:00
2014-07-27 03:00:00-05:00,41.970796815,-87.672652445,3,1,1,0 days 00:26:00
2014-07-27 03:00:00-05:00,41.768674222,-87.723726634,1,0,3,0 days 00:18:00
2014-07-27 03:00:00-05:00,41.711310513,-87.661351368,2,1,2,0 days 00:24:00
2014-07-27 03:00:00-05:00,41.812343116,-87.6039563,3,1,2,0 days 00:21:00
2014-07-27 03:00:00-05:00,41.705406026,-87.603954053,2,1,2,0 days 00:21:00
2014-07-27 03:00:00-05:00,41.925156951,-87.713342861,3,1,2,0 days 00:24:00
2014-07-27 03:00:00-05:00,41.781655056,-87.70644461299999,1,0,3,0 days 00:29:00
2014-07-27 03:03:00-05:00,41.94042554,-87.654121514,2,0,3,0 days 00:18:00
2014-07-27 03:05:00-05:00,41.902605697,-87.73051006799999,2,0,3,0 days 00:17:00
2014-07-27 03:05:00-05:00,41.848942976,-87.713701284,2,0,3,0 days 00:21:00
2014-07-27 03:06:00-05:00,41.759292223,-87.64790189899999,1,0,3,0 days 00:21:00
2014-07-27 03:10:00-05:00,41.945476793000005,-87.734326241,2,1,2,0 days 00:18:00
2014-07-27 03:10:00-05:00,41.799604077,-87.762507092,2,0,3,0 days 00:30:00
2014-07-27 03:15:00-05:00,41.791771555,-87.643877941,2,1,1,0 days 00:22:00
2014-07-27 03:15:00-05:00,41.964255368,-87.662369504,2,0,3,0 days 00:25:00
2014-07-27 03:15:00-05:00,41.907337923,-87.71016493100001,1,0,3,0 days 00:27:00
2014-07-27 03:15:00-05:00,41.758174759,-87.54993401600001,3,1,1,0 days 00:14:00
2014-07-27 03:15:00-05:00,41.81468646,-87.68587696600001,2,0,3,0 days 00:17:00
2014-07-27 03:20:00-05:00,41.749567144000004,-87.67190614799999,2,0,3,0 days 00:20:00
2014-07-27 03:24:00-05:00,41.80882047,-87.610191531,1,0,3,0 days 00:29:00
2014-07-27 03:25:00-05:00,41.894821547,-87.63213392799999,2,1,1,0 days 00:27:00
2014-07-27 03:25:00-05:00,41.94505857,-87.786343054,1,0,3,0 days 00:26:00
2014-07-27 03:30:00-05:00,41.880081938000004,-87.67233921799999,2,0,3,0 days 00:22:00
2014-07-27 03:30:00-05:00,41.949600231999995,-87.65844276899999,3,1,2,0 days 00:22:00
2014-07-27 03:30:00-05:00,41.892628411,-87.63115524,1,0,3,0 days 00:22:00
2014-07-27 03:30:00-05:00,41.939086945,-87.727799589,1,0,3,0 days 00:27:00
2014-07-27 03:33:00-05:00,41.891516487,-87.689604445,3,1,1,0 days 00:29:00
2014-07-27 03:40:00-05:00,41.984831987,-87.76797263200001,2,0,3,0 days 00:20:00
2014-07-27 03:42:00-05:00,41.898064046,-87.72739389600001,2,0,3,0 days 00:21:00
2014-07-27 03:42:00-05:00,41.891913995,-87.62966090399999,1,0,3,0 days 00:25:00
2014-07-27 03:45:00-05:00,41.861665738,-87.736045231,2,0,3,0 days 00:24:00
2014-07-27 03:50:00-05:00,41.895032672,-87.63120603700001,2,0,3,0 days 00:25:00
2014-07-27 03:50:00-05:00,41.93990164,-87.654626945,3,1,2,0 days 00:23:00
2014-07-27 03:50:00-05:00,41.796112812,-87.68776556700001,2,0,3,0 days 00:17:00
2014-07-27 03:51:00-05:00,41.893541578000004,-87.629701805,1,0,3,0 days 00:20:00
2014-07-27 03:55:00-05:00,41.787379608,-87.671693625,2,1,1,0 days 00:29:00
2014-07-27 03:59:00-05:00,41.875875253000004,-87.74557359100001,2,1,1,0 days 00:24:00
2014-07-27 04:00:00-05:00,41.869145417,-87.744856892,1,0,3,0 days 00:22:00
2014-07-27 04:00:00-05:00,41.990480416,-87.692404416,1,0,3,0 days 00:14:00
2014-07-27 04:00:00-05:00,41.692721180999996,-87.69964921399999,2,0,3,0 days 00:27:00
2014-07-27 04:00:00-05:00,41.850134482,-87.675785789,1,0,3,0 days 00:21:00
2014-07-27 04:00:00-05:00,41.880933674,-87.709308891,2,0,3,0 days 00:30:00
2014-07-27 04:00:00-05:00,41.87755464,-87.75583232299999,1,0,3,0 days 00:26:00
2014-07-27 04:00:00-05:00,41.905319751,-87.692011564,2,0,3,0 days 00:24:00
2014-07-27 04:00:00-05:00,41.904370109,-87.631460067,2,0,3,0 days 00:30:00
2014-07-27 04:00:00-05:00,41.869145417,-87.744856892,1,0,3,0 days 00:26:00
2014-07-27 04:00:00-05:00,41.803361324,-87.64857673600001,2,0,3,0 days 00:19:00
2014-07-27 04:01:00-05:00,41.808069268000004,-87.70803582,2,0,3,0 days 00:27:00
2014-07-27 04:04:00-05:00,41.877917143000005,-87.71579723200001,2,1,2,0 days 00:30:00
2014-07-27 04:10:00-05:00,41.818773201999996,-87.688407481,2,0,3,0 days 00:31:00
2014-07-27 04:10:00-05:00,41.917263856999995,-87.718317006,1,0,3,0 days 00:18:00
2014-07-27 04:10:00-05:00,41.931733753,-87.78084877200001,3,1,2,0 days 00:40:00
2014-07-27 04:15:00-05:00,41.891205185,-87.68548677,1,0,3,0 days 00:24:00
2014-07-27 04:20:00-05:00,41.910742999,-87.678029723,2,1,1,0 days 00:21:00
2014-07-27 04:22:00-05:00,41.865192804,-87.659786453,2,0,3,0 days 00:19:00
2014-07-27 04:23:00-05:00,41.880762321999995,-87.771810281,2,1,2,0 days 00:18:00
2014-07-27 04:26:00-05:00,41.792390818,-87.620787059,2,0,3,0 days 00:14:00
2014-07-27 04:30:00-05:00,41.77173482,-87.698520212,1,0,3,0 days 00:26:00
2014-07-27 04:30:00-05:00,41.85636929,-87.70417378799999,2,0,3,0 days 00:22:00
2014-07-27 04:30:00-05:00,41.79194408,-87.632929944,2,1,2,0 days 00:20:00
2014-07-27 04:30:00-05:00,41.712659434,-87.621485206,2,0,3,0 days 00:20:00
2014-07-27 04:37:00-05:00,41.92221182,-87.787850031,1,0,3,0 days 00:23:00
2014-07-27 04:45:00-05:00,41.743890308000005,-87.56368394399999,1,0,3,0 days 00:34:00
2014-07-27 04:45:00-05:00,41.75593947,-87.65729799,1,0,3,0 days 00:29:00
2014-07-27 04:50:00-05:00,41.844342775,-87.717632254,2,1,2,0 days 00:34:00
2014-07-27 05:00:00-05:00,41.769466772,-87.657874472,2,0,3,0 days 00:29:00
2014-07-27 05:00:00-05:00,41.838086757,-87.64297736700001,2,1,1,0 days 00:22:00
2014-07-27 05:00:00-05:00,41.834071798000004,-87.672350486,3,1,2,0 days 00:17:00
2014-07-27 05:00:00-05:00,41.852839331,-87.632911994,2,1,2,0 days 00:26:00
2014-07-27 05:00:00-05:00,41.762247122,-87.68562002,3,1,2,0 days 00:26:00
2014-07-27 05:00:00-05:00,41.933836412,-87.766332042,3,1,2,0 days 00:25:00
2014-07-27 05:00:00-05:00,41.932570804,-87.713149789,1,0,3,0 days 00:20:00
2014-07-27 05:00:00-05:00,41.779870094,-87.70072413,2,1,2,0 days 00:20:00
2014-07-27 05:05:00-05:00,41.751385654,-87.565012665,2,0,3,0 days 00:33:00
2014-07-27 05:10:00-05:00,41.882364885,-87.63384185,3,1,2,0 days 00:25:00
2014-07-27 05:15:00-05:00,41.873069563,-87.74805198799999,1,0,3,0 days 00:23:00
2014-07-27 05:20:00-05:00,41.979006297,-87.906463155,2,0,3,0 days 00:24:00
2014-07-27 05:50:00-05:00,41.94053367,-87.756139187,3,1,2,0 days 00:24:00
2014-07-27 05:50:00-05:00,41.789403671,-87.630365095,3,1,2,0 days 00:25:00
2014-07-27 05:53:00-05:00,41.793372488,-87.631806919,3,1,1,0 days 00:22:00
2014-07-27 06:00:00-05:00,41.763712816,-87.69300581799999,1,0,3,0 days 00:28:00
2014-07-27 06:00:00-05:00,41.717314177,-87.550243652,2,1,2,0 days 00:25:00
2014-07-27 06:00:00-05:00,41.777870827,-87.64877464700001,2,1,2,0 days 00:18:00
2014-07-27 06:00:00-05:00,41.859959413,-87.643586469,1,0,3,0 days 00:19:00
2014-07-27 06:00:00-05:00,41.880399914,-87.75300855299999,2,0,3,0 days 00:19:00
2014-07-27 06:00:00-05:00,41.936116834,-87.72142530200001,2,1,2,0 days 00:22:00
2014-07-27 06:00:00-05:00,41.865562351,-87.70313647799999,2,0,3,0 days 00:21:00
2014-07-27 06:00:00-05:00,41.881695904000004,-87.641189833,2,0,3,0 days 00:20:00
2014-07-27 06:00:00-05:00,41.795289925,-87.651266402,3,1,2,0 days 00:25:00
2014-07-27 06:00:00-05:00,41.933656535,-87.72372742200001,3,1,2,0 days 00:31:00
2014-07-27 06:00:00-05:00,41.966059402,-87.73715598700001,2,1,2,0 days 00:28:00
2014-07-27 06:07:00-05:00,41.911195096,-87.630577051,1,0,3,0 days 00:20:00
2014-07-27 06:10:00-05:00,41.876623613,-87.70599471,3,1,1,0 days 00:25:00
2014-07-27 06:15:00-05:00,41.684979668000004,-87.649888345,1,0,3,0 days 00:22:00
2014-07-27 06:15:00-05:00,41.735050891,-87.555531269,3,1,2,0 days 00:21:00
2014-07-27 06:23:00-05:00,41.840152269,-87.717118285,2,0,3,0 days 00:39:00
2014-07-27 06:30:00-05:00,41.735900066999996,-87.63790652200001,3,1,2,0 days 00:22:00
2014-07-27 06:30:00-05:00,41.979006297,-87.906463155,2,0,3,0 days 00:27:00
2014-07-27 06:42:00-05:00,41.933458611,-87.776045155,3,1,2,0 days 00:20:00
2014-07-27 06:45:00-05:00,41.85390486,-87.682005532,2,0,3,0 days 00:31:00
2014-07-27 06:46:00-05:00,41.883208368000005,-87.634456935,3,1,2,0 days 00:29:00
2014-07-27 06:51:00-05:00,41.827624817,-87.670325426,1,0,3,0 days 00:21:00
2014-07-27 07:00:00-05:00,41.899786184,-87.7350069,1,0,3,0 days 00:26:00
2014-07-27 07:00:00-05:00,41.764584135999996,-87.64301079200001,1,0,3,0 days 00:23:00
2014-07-27 07:00:00-05:00,41.821191403,-87.613647699,1,0,3,0 days 00:22:00
2014-07-27 07:00:00-05:00,41.721590004,-87.63363954100001,3,1,2,0 days 00:24:00
2014-07-27 07:00:00-05:00,41.781279554,-87.612048296,2,0,3,0 days 00:27:00
2014-07-27 07:15:00-05:00,41.837050293000004,-87.71489855899999,2,0,3,0 days 00:22:00
2014-07-27 07:15:00-05:00,41.898914865,-87.745898649,1,0,3,0 days 00:25:00
2014-07-27 07:15:00-05:00,41.935256357,-87.717545105,2,1,1,0 days 00:28:00
2014-07-27 07:15:00-05:00,41.837050293000004,-87.71489855899999,1,0,3,0 days 00:26:00
2014-07-27 07:17:00-05:00,41.899776906,-87.717676724,1,0,3,0 days 00:26:00
2014-07-27 07:22:00-05:00,41.911559161999996,-87.77651123,2,0,3,0 days 00:19:00
2014-07-27 07:25:00-05:00,41.993572619,-87.658324204,1,0,3,0 days 00:21:00
2014-07-27 07:30:00-05:00,41.745957196,-87.547931545,2,0,3,0 days 00:24:00
2014-07-27 07:30:00-05:00,41.963355707,-87.760749955,2,0,3,0 days 00:18:00
2014-07-27 07:30:00-05:00,41.762378882,-87.68562602600001,2,0,3,0 days 00:22:00
2014-07-27 07:30:00-05:00,41.682553462,-87.62137416700001,1,0,3,0 days 00:21:00
2014-07-27 07:33:00-05:00,41.745704632,-87.56128040799999,2,0,3,0 days 00:20:00
2014-07-27 07:45:00-05:00,41.880970165,-87.750190529,3,1,2,0 days 00:18:00
2014-07-27 07:50:00-05:00,42.018671226,-87.684547853,1,0,3,0 days 00:21:00
2014-07-27 07:50:00-05:00,41.730866659,-87.56462709700001,3,1,2,0 days 00:26:00
2014-07-27 08:00:00-05:00,41.754609395,-87.62377055,2,0,3,0 days 00:20:00
2014-07-27 08:00:00-05:00,41.80950879,-87.60837177299999,1,0,3,0 days 00:17:00
2014-07-27 08:00:00-05:00,41.976600325999996,-87.901514402,2,0,3,0 days 00:21:00
2014-07-27 08:00:00-05:00,41.869053171,-87.62855691,2,1,2,0 days 00:23:00
2014-07-27 08:00:00-05:00,41.698652943,-87.64867436200001,2,1,2,0 days 00:25:00
2014-07-27 08:00:00-05:00,41.895003278000004,-87.62152816,1,0,3,0 days 00:20:00
2014-07-27 08:00:00-05:00,41.991209502,-87.711201457,1,0,3,0 days 00:15:00
2014-07-27 08:00:00-05:00,41.751464464,-87.64406390200001,2,1,2,0 days 00:24:00
2014-07-27 08:00:00-05:00,41.910705897,-87.706781624,2,0,3,0 days 00:24:00
2014-07-27 08:00:00-05:00,41.798331999,-87.704917826,2,1,2,0 days 00:23:00
2014-07-27 08:15:00-05:00,41.744103521,-87.71076017600001,3,1,2,0 days 00:29:00
2014-07-27 08:22:00-05:00,41.771709046999995,-87.651864534,1,0,3,0 days 00:24:00
2014-07-27 08:30:00-05:00,41.692672140999996,-87.66295137700001,2,1,2,0 days 00:22:00
2014-07-27 08:30:00-05:00,41.911912539,-87.761860235,1,0,3,0 days 00:23:00
2014-07-27 08:30:00-05:00,41.954535555,-87.65122180200001,2,0,3,0 days 00:19:00
2014-07-27 08:34:00-05:00,41.802386496,-87.673321739,1,0,3,0 days 00:24:00
2014-07-27 08:35:00-05:00,41.976495786,-87.905108161,1,0,3,0 days 00:30:00
2014-07-27 08:39:00-05:00,41.893958399999995,-87.75556337,1,0,3,0 days 00:29:00
2014-07-27 08:40:00-05:00,41.7899643,-87.658411055,2,0,3,0 days 00:24:00
2014-07-27 08:50:00-05:00,41.987338819,-87.665062403,2,0,3,0 days 00:33:00
2014-07-27 08:52:00-05:00,41.749992907,-87.633070998,1,0,3,0 days 00:24:00
2014-07-27 08:55:00-05:00,41.683361661999996,-87.634112434,3,1,1,0 days 00:22:00
2014-07-27 09:00:00-05:00,41.907501113,-87.67738325100001,1,0,3,0 days 00:23:00
2014-07-27 09:00:00-05:00,41.938310054,-87.63948636200001,3,1,2,0 days 00:28:00
2014-07-27 09:00:00-05:00,41.819715992,-87.61688161200001,1,0,3,0 days 00:21:00
2014-07-27 09:00:00-05:00,41.756746208,-87.606055842,1,0,3,0 days 00:21:00
2014-07-27 09:00:00-05:00,41.78495812,-87.620598031,1,0,3,0 days 00:22:00
2014-07-27 09:00:00-05:00,41.889906597,-87.76520388700001,2,0,3,0 days 00:26:00
2014-07-27 09:00:00-05:00,41.870010005,-87.74488567700001,2,0,3,0 days 00:25:00
2014-07-27 09:00:00-05:00,41.909635441,-87.676303351,2,1,2,0 days 00:24:00
2014-07-27 09:00:00-05:00,41.899605531999995,-87.67395614899999,2,0,3,0 days 00:18:00
2014-07-27 09:00:00-05:00,41.779673751,-87.716088101,2,1,2,0 days 00:28:00
2014-07-27 09:00:00-05:00,41.934070683,-87.701352605,2,0,3,0 days 00:23:00
2014-07-27 09:00:00-05:00,41.916924372,-87.673954261,2,1,2,0 days 00:22:00
2014-07-27 09:00:00-05:00,41.868737455,-87.62585820000001,1,0,3,0 days 00:28:00
2014-07-27 09:05:00-05:00,41.722578383000005,-87.66270654799999,2,0,3,0 days 00:22:00
2014-07-27 09:08:00-05:00,41.775265059,-87.640751598,3,1,2,0 days 00:29:00
2014-07-27 09:15:00-05:00,41.747633476,-87.662152692,1,0,3,0 days 00:23:00
2014-07-27 09:20:00-05:00,41.860070723,-87.721335897,3,1,2,0 days 00:22:00
2014-07-27 09:30:00-05:00,41.906976793000005,-87.72521565,2,0,3,0 days 00:21:00
2014-07-27 09:30:00-05:00,41.948131366999995,-87.64951089899999,2,1,2,0 days 00:26:00
2014-07-27 09:30:00-05:00,41.923694356999995,-87.644502546,3,1,2,0 days 00:17:00
2014-07-27 09:30:00-05:00,41.735414028,-87.64606746,3,1,2,0 days 00:33:00
2014-07-27 09:30:00-05:00,41.903072069000004,-87.726314319,3,1,1,0 days 00:26:00
2014-07-27 09:43:00-05:00,41.785057678,-87.65517719,2,1,1,0 days 00:24:00
2014-07-27 09:44:00-05:00,41.777130389,-87.76292639799999,2,0,3,0 days 00:25:00
2014-07-27 09:45:00-05:00,41.96025364,-87.677449148,1,0,3,0 days 00:21:00
2014-07-27 09:45:00-05:00,41.924250576,-87.74554503600001,3,1,2,0 days 00:29:00
2014-07-27 09:45:00-05:00,41.961548134000004,-87.739845317,2,0,3,0 days 00:19:00
2014-07-27 09:50:00-05:00,41.76404927,-87.668652781,1,0,3,0 days 00:20:00
2014-07-27 09:50:00-05:00,41.894538914,-87.710186524,1,0,3,0 days 00:22:00
2014-07-27 10:00:00-05:00,41.836896077,-87.723523659,3,1,2,0 days 00:19:00
2014-07-27 10:00:00-05:00,41.786753773,-87.632788436,3,1,2,0 days 00:24:00
2014-07-27 10:00:00-05:00,41.933339572,-87.66669586,2,1,2,0 days 00:18:00
2014-07-27 10:00:00-05:00,42.016974195,-87.690199116,2,0,3,0 days 00:21:00
2014-07-27 10:00:00-05:00,41.88635374,-87.620691382,3,1,2,0 days 00:24:00
2014-07-27 10:00:00-05:00,41.899661443,-87.72744124,2,1,2,0 days 00:15:00
2014-07-27 10:00:00-05:00,41.876889851,-87.70600312200001,2,1,2,0 days 00:21:00
2014-07-27 10:00:00-05:00,41.811777246999995,-87.61387781,1,0,3,0 days 00:26:00
2014-07-27 10:00:00-05:00,41.884516393,-87.619132695,2,0,3,0 days 00:30:00
2014-07-27 10:00:00-05:00,41.771708788000005,-87.568960297,2,1,2,0 days 00:26:00
2014-07-27 10:00:00-05:00,41.792002104,-87.643882805,3,1,2,0 days 00:32:00
2014-07-27 10:00:00-05:00,41.924899029,-87.68794977399999,2,1,2,0 days 00:26:00
2014-07-27 10:03:00-05:00,41.951709421,-87.808439022,1,0,3,0 days 00:26:00
2014-07-27 10:04:00-05:00,41.725252695,-87.571767756,1,0,3,0 days 00:17:00
2014-07-27 10:09:00-05:00,41.868654041999996,-87.632394269,3,1,2,0 days 00:17:00
2014-07-27 10:12:00-05:00,41.895403138,-87.76906322100001,2,0,3,0 days 00:20:00
2014-07-27 10:12:00-05:00,41.836559146,-87.620223934,2,1,2,0 days 00:19:00
2014-07-27 10:12:00-05:00,41.940510399000004,-87.64441347700001,3,1,2,0 days 00:28:00
2014-07-27 10:15:00-05:00,41.744597622,-87.649938029,1,0,3,0 days 00:28:00
2014-07-27 10:15:00-05:00,41.828727752,-87.625667814,2,0,3,0 days 00:27:00
2014-07-27 10:15:00-05:00,41.72550966,-87.585403058,1,0,3,0 days 00:26:00
2014-07-27 10:20:00-05:00,41.915240883,-87.677564865,3,1,2,0 days 00:29:00
2014-07-27 10:25:00-05:00,41.801195729,-87.616138055,2,1,2,0 days 00:20:00
2014-07-27 10:30:00-05:00,41.886237871999995,-87.615745896,1,0,3,0 days 00:20:00
2014-07-27 10:30:00-05:00,41.938854238000005,-87.744793466,1,0,3,0 days 00:21:00
2014-07-27 10:30:00-05:00,41.875646819,-87.76340982200001,2,0,3,0 days 00:17:00
2014-07-27 10:34:00-05:00,41.769044507,-87.569849709,2,0,3,0 days 00:32:00
2014-07-27 10:35:00-05:00,41.757775974,-87.59198854899999,1,0,3,0 days 00:23:00
2014-07-27 10:40:00-05:00,41.844162699,-87.695199039,2,1,2,0 days 00:21:00
2014-07-27 10:44:00-05:00,41.892954451,-87.76168401299999,1,0,3,0 days 00:20:00
2014-07-27 10:45:00-05:00,41.771154091999996,-87.61176582899999,1,0,3,0 days 00:26:00
2014-07-27 10:45:00-05:00,41.736684597,-87.602046755,2,0,3,0 days 00:35:00
2014-07-27 10:50:00-05:00,41.729614168000005,-87.63857879999999,2,1,2,0 days 00:21:00
2014-07-27 10:50:00-05:00,41.902427298,-87.716552925,1,0,3,0 days 00:21:00
2014-07-27 10:55:00-05:00,41.690342437,-87.621021015,1,0,3,0 days 00:23:00
2014-07-27 11:00:00-05:00,41.861553084,-87.66011099299999,2,1,2,0 days 00:21:00
2014-07-27 11:00:00-05:00,41.727565512,-87.66282686299999,2,1,2,0 days 00:23:00
2014-07-27 11:00:00-05:00,41.820175315,-87.621018409,3,1,2,0 days 00:25:00
2014-07-27 11:00:00-05:00,41.884466997,-87.634296325,3,1,2,0 days 00:19:00
2014-07-27 11:00:00-05:00,41.930630018,-87.77959409799999,3,1,1,0 days 00:16:00
2014-07-27 11:00:00-05:00,41.784469926,-87.660697991,2,1,2,0 days 00:29:00
2014-07-27 11:00:00-05:00,41.697058509,-87.65469272799999,2,0,3,0 days 00:21:00
2014-07-27 11:00:00-05:00,41.963123126,-87.65601675,2,1,2,0 days 00:25:00
2014-07-27 11:00:00-05:00,42.01980371,-87.66620566799999,2,1,2,0 days 00:25:00
2014-07-27 11:00:00-05:00,41.953570492,-87.734518833,2,1,2,0 days 00:25:00
2014-07-27 11:00:00-05:00,41.736345716,-87.585636406,3,1,2,0 days 00:22:00
2014-07-27 11:00:00-05:00,41.764118200000006,-87.656020865,3,1,2,0 days 00:21:00
2014-07-27 11:00:00-05:00,41.747157848,-87.574686041,2,1,2,0 days 00:23:00
2014-07-27 11:02:00-05:00,41.851824394,-87.701102095,1,0,3,0 days 00:24:00
2014-07-27 11:05:00-05:00,41.812909696,-87.723773239,2,0,3,0 days 00:20:00
2014-07-27 11:05:00-05:00,41.886131682,-87.75772351399999,2,0,3,0 days 00:24:00
2014-07-27 11:05:00-05:00,41.877447206999996,-87.69509567700001,2,0,3,0 days 00:17:00
2014-07-27 11:05:00-05:00,41.925016491,-87.678644334,2,1,2,0 days 00:20:00
2014-07-27 11:06:00-05:00,41.710003431,-87.629586415,2,1,2,0 days 00:22:00
2014-07-27 11:10:00-05:00,41.682976863,-87.668700729,1,0,3,0 days 00:21:00
2014-07-27 11:12:00-05:00,41.902461754,-87.63442700899999,3,1,2,0 days 00:23:00
2014-07-27 11:14:00-05:00,41.966299148000004,-87.658045926,2,0,3,0 days 00:21:00
2014-07-27 11:15:00-05:00,41.774532523000005,-87.68839995100001,2,0,3,0 days 00:21:00
2014-07-27 11:15:00-05:00,41.919096283,-87.64976219100001,3,1,2,0 days 00:22:00
2014-07-27 11:20:00-05:00,41.751072904000004,-87.582881895,1,0,3,0 days 00:25:00
2014-07-27 11:22:00-05:00,41.791060878,-87.62317067,1,0,3,0 days 00:30:00
2014-07-27 11:25:00-05:00,41.942350892,-87.674659049,2,1,2,0 days 00:17:00
2014-07-27 11:26:00-05:00,41.832329279,-87.61698314600001,1,0,3,0 days 00:25:00
2014-07-27 11:30:00-05:00,41.744980208,-87.657552215,3,1,2,0 days 00:38:00
2014-07-27 11:30:00-05:00,41.74322795,-87.652667784,2,0,3,0 days 00:20:00
2014-07-27 11:30:00-05:00,41.800671479,-87.625859235,3,1,2,0 days 00:28:00
2014-07-27 11:30:00-05:00,41.835686337,-87.620644613,1,0,3,0 days 00:20:00
2014-07-27 11:34:31-05:00,41.88417946496278,-87.72534966267561,2,1,1,0 days 00:58:00
2014-07-27 11:35:00-05:00,41.877682727,-87.745916881,2,0,3,0 days 00:23:00
2014-07-27 11:40:00-05:00,41.71198909,-87.603864986,2,0,3,0 days 00:27:00
2014-07-27 11:40:00-05:00,41.880905236,-87.71216242,1,0,3,0 days 00:27:00
2014-07-27 11:42:00-05:00,41.776675328,-87.671426043,1,0,3,0 days 00:22:00
2014-07-27 11:45:00-05:00,41.736445984,-87.702044445,1,0,3,0 days 00:35:00
2014-07-27 11:45:00-05:00,41.941317069,-87.72970818299999,2,0,3,0 days 00:24:00
2014-07-27 11:45:00-05:00,41.887512668,-87.706978925,1,0,3,0 days 00:27:00
2014-07-27 11:50:00-05:00,41.866235446,-87.72051714700001,1,0,3,0 days 00:22:00
2014-07-27 11:50:00-05:00,41.787983051,-87.796304759,1,0,3,0 days 00:18:00
2014-07-27 11:55:00-05:00,42.01553256,-87.68418232799999,1,0,3,0 days 00:18:00
2014-07-27 11:55:00-05:00,41.733343716,-87.665426632,1,0,3,0 days 00:18:00
2014-07-27 12:00:00-05:00,41.900757067,-87.766815791,1,0,3,0 days 00:22:00
2014-07-27 12:00:00-05:00,41.741911836999996,-87.55272597700001,2,1,2,0 days 00:16:00
2014-07-27 12:00:00-05:00,41.826370734,-87.63288137299999,2,1,2,0 days 00:32:00
2014-07-27 12:00:00-05:00,41.997742931,-87.689219239,3,1,1,0 days 00:21:00
2014-07-27 12:00:00-05:00,41.782361812,-87.687390207,3,1,2,0 days 00:24:00
2014-07-27 12:00:00-05:00,41.956977112,-87.71300879799999,1,0,3,0 days 00:16:00
2014-07-27 12:00:00-05:00,41.987620881,-87.69930778,1,0,3,0 days 00:27:00
2014-07-27 12:00:00-05:00,41.774761411,-87.677447088,2,1,2,0 days 00:28:00
2014-07-27 12:00:00-05:00,41.757583951,-87.634472844,2,0,3,0 days 00:18:00
2014-07-27 12:00:00-05:00,41.884608174,-87.731931553,2,1,2,0 days 00:17:00
2014-07-27 12:00:00-05:00,41.747494343,-87.667009634,2,0,3,0 days 00:28:00
2014-07-27 12:00:00-05:00,41.787286351999995,-87.663180301,1,0,3,0 days 00:23:00
2014-07-27 12:00:00-05:00,41.789620343,-87.649900074,2,1,2,0 days 00:24:00
2014-07-27 12:00:00-05:00,41.696750234,-87.655468575,1,0,3,0 days 00:28:00
2014-07-27 12:00:00-05:00,41.93857832,-87.65406025700001,3,1,2,0 days 00:25:00
2014-07-27 12:02:00-05:00,42.018771505,-87.680454606,2,0,3,0 days 00:26:00
2014-07-27 12:07:00-05:00,41.819027613,-87.66521937799999,3,1,2,0 days 00:25:00
2014-07-27 12:15:00-05:00,41.722521885,-87.661490985,1,0,3,0 days 00:27:00
2014-07-27 12:15:00-05:00,41.653736148,-87.59542954,1,0,3,0 days 00:23:00
2014-07-27 12:15:00-05:00,41.730303973000005,-87.63738071600001,1,0,3,0 days 00:17:00
2014-07-27 12:15:00-05:00,41.871840859,-87.725993071,3,1,1,0 days 00:23:00
2014-07-27 12:15:00-05:00,41.781651048,-87.70671597100001,1,0,3,0 days 00:30:00
2014-07-27 12:19:00-05:00,41.993983084,-87.71409896,3,1,2,0 days 00:31:00
2014-07-27 12:20:00-05:00,41.769797682,-87.653028491,3,1,1,0 days 00:19:00
2014-07-27 12:20:00-05:00,41.831073285,-87.62021144100001,2,0,3,0 days 00:19:00
2014-07-27 12:20:00-05:00,41.782418097,-87.686176026,2,0,3,0 days 00:19:00
2014-07-27 12:30:00-05:00,41.927127283000004,-87.65741556,2,1,2,0 days 00:27:00
2014-07-27 12:30:00-05:00,41.785574176,-87.73849368799999,2,0,3,0 days 00:23:00
2014-07-27 12:30:00-05:00,41.754541739000004,-87.567500151,2,1,2,0 days 00:24:00
2014-07-27 12:30:00-05:00,41.78943213,-87.69001808,1,0,3,0 days 00:19:00
2014-07-27 12:30:00-05:00,41.722725077,-87.554555366,2,1,2,0 days 00:20:00
2014-07-27 12:40:00-05:00,41.841622651,-87.61719143799999,2,0,3,0 days 00:20:00
2014-07-27 12:40:00-05:00,41.872846261,-87.69926841799999,1,0,3,0 days 00:29:00
2014-07-27 12:40:00-05:00,41.866303448000004,-87.714264266,2,0,3,0 days 00:24:00
2014-07-27 12:40:00-05:00,41.78388921,-87.688647186,1,0,3,0 days 00:17:00
2014-07-27 12:41:00-05:00,41.989670965,-87.780565084,3,1,2,0 days 00:25:00
2014-07-27 12:41:00-05:00,41.774809691,-87.685959231,1,0,3,0 days 00:28:00
2014-07-27 12:45:00-05:00,41.91081797,-87.65456039799999,2,1,2,0 days 00:23:00
2014-07-27 12:46:00-05:00,41.981304707,-87.69749839200001,2,0,3,0 days 00:26:00
2014-07-27 12:49:00-05:00,41.712314101,-87.64865759799999,1,0,3,0 days 00:19:00
2014-07-27 12:50:00-05:00,41.731070963,-87.611353652,2,1,2,0 days 00:27:00
2014-07-27 12:50:00-05:00,41.895922776999996,-87.676352097,3,1,1,0 days 00:21:00
2014-07-27 12:57:00-05:00,41.77259274,-87.703816389,1,0,3,0 days 00:22:00
2014-07-27 13:00:00-05:00,41.73811984,-87.574532281,3,1,2,0 days 00:26:00
2014-07-27 13:00:00-05:00,41.791255705,-87.66572787,3,1,2,0 days 00:21:00
2014-07-27 13:00:00-05:00,41.888915893000004,-87.758579945,2,0,3,0 days 00:23:00
2014-07-27 13:00:00-05:00,41.780552444,-87.675147904,3,1,2,0 days 00:26:00
2014-07-27 13:00:00-05:00,41.99108588,-87.71117691100001,2,0,3,0 days 00:18:00
2014-07-27 13:00:00-05:00,41.952663531,-87.65531137299999,2,0,3,0 days 00:23:00
2014-07-27 13:00:00-05:00,41.982456621,-87.657981882,1,0,3,0 days 00:23:00
2014-07-27 13:00:00-05:00,41.899802646,-87.71889598700001,1,0,3,0 days 00:16:00
2014-07-27 13:00:00-05:00,41.975559264,-87.65498766700001,2,0,3,0 days 00:24:00
2014-07-27 13:01:00-05:00,41.736732889,-87.54582362200001,2,1,2,0 days 00:22:00
2014-07-27 13:05:00-05:00,41.911108919,-87.77308741700001,2,0,3,0 days 00:24:00
2014-07-27 13:11:00-05:00,41.897385761,-87.754434224,2,1,1,0 days 00:18:00
2014-07-27 13:11:00-05:00,41.856672673,-87.651084418,2,1,2,0 days 00:13:00
2014-07-27 13:11:00-05:00,41.774310959,-87.592934641,1,0,3,0 days 00:22:00
2014-07-27 13:15:00-05:00,41.893511453,-87.676982831,2,1,2,0 days 00:29:00
2014-07-27 13:15:00-05:00,41.88166347,-87.754333796,2,0,3,0 days 00:25:00
2014-07-27 13:15:00-05:00,41.885503844,-87.62793544799999,2,1,2,0 days 00:28:00
2014-07-27 13:20:00-05:00,41.90971226,-87.73926766,3,1,2,0 days 00:26:00
2014-07-27 13:25:00-05:00,41.728415341,-87.606269234,1,0,3,0 days 00:23:00
2014-07-27 13:27:00-05:00,41.839781079,-87.71954757600001,1,0,3,0 days 00:30:00
2014-07-27 13:30:00-05:00,41.911938731,-87.77895843799999,1,0,3,0 days 00:15:00
2014-07-27 13:30:00-05:00,41.75089655,-87.62781330700001,3,1,1,0 days 00:20:00
2014-07-27 13:30:00-05:00,41.945194489,-87.739677216,2,0,3,0 days 00:30:00
2014-07-27 13:30:00-05:00,41.817527814,-87.683628896,2,0,3,0 days 00:20:00
2014-07-27 13:30:00-05:00,41.911367051,-87.62640163799999,2,1,2,0 days 00:26:00
2014-07-27 13:45:00-05:00,41.74805627,-87.65610177399999,2,0,3,0 days 00:21:00
2014-07-27 13:49:00-05:00,41.754592961,-87.74152853700001,3,1,2,0 days 00:22:00
2014-07-27 13:55:00-05:00,41.861774141,-87.720163275,1,0,3,0 days 00:22:00
2014-07-27 13:58:00-05:00,41.771562545,-87.653075829,2,0,3,0 days 00:19:00
2014-07-27 14:00:00-05:00,41.748326831,-87.629431866,1,0,3,0 days 00:26:00
2014-07-27 14:00:00-05:00,41.718940317,-87.62981125399999,2,0,3,0 days 00:21:00
2014-07-27 14:00:00-05:00,41.656398372,-87.60233361600001,2,0,3,0 days 00:31:00
2014-07-27 14:00:00-05:00,41.928048871,-87.768566154,1,0,3,0 days 00:25:00
2014-07-27 14:01:00-05:00,41.743681851,-87.56124601200001,2,0,3,0 days 00:36:00
2014-07-27 14:05:00-05:00,41.811257522,-87.665039689,3,1,2,0 days 00:20:00
2014-07-27 14:10:00-05:00,41.695982095,-87.59665314200001,2,1,2,0 days 00:16:00
2014-07-27 14:15:00-05:00,41.885888079000004,-87.62794223799999,3,1,2,0 days 00:26:00
2014-07-27 14:20:00-05:00,41.970672226,-87.65971335399999,2,1,2,0 days 00:24:00
2014-07-27 14:30:00-05:00,41.701595532,-87.63149807,3,1,2,0 days 00:24:00
2014-07-27 14:30:00-05:00,41.880848957,-87.76487652,2,0,3,0 days 00:29:00
2014-07-27 14:30:00-05:00,41.731984962,-87.61137639,3,1,2,0 days 00:22:00
2014-07-27 14:30:00-05:00,41.750150526,-87.646452666,3,1,1,0 days 00:28:00
2014-07-27 14:30:00-05:00,41.682163693,-87.624025229,1,0,3,0 days 00:31:00
2014-07-27 14:38:00-05:00,41.909664252,-87.742728815,2,1,2,0 days 00:18:00
2014-07-27 14:40:00-05:00,41.763564409000004,-87.565358553,2,0,3,0 days 00:20:00
2014-07-27 14:41:00-05:00,41.80943063,-87.61339787799999,2,1,1,0 days 00:29:00
2014-07-27 14:44:00-05:00,41.908277579,-87.707848703,1,0,3,0 days 00:30:00
2014-07-27 14:45:00-05:00,41.979959889,-87.806978681,2,1,2,0 days 00:21:00
2014-07-27 14:45:00-05:00,41.735040676,-87.549988056,1,0,3,0 days 00:21:00
2014-07-27 14:47:00-05:00,41.987038939,-87.794344469,1,0,3,0 days 00:32:00
2014-07-27 14:50:00-05:00,41.776757281,-87.66661516,3,1,1,0 days 00:20:00
2014-07-27 14:55:00-05:00,41.81318639,-87.605377354,1,0,3,0 days 00:22:00
2014-07-27 14:58:00-05:00,41.920394271,-87.66845103,3,1,2,0 days 00:18:00
2014-07-27 15:00:00-05:00,41.751594515,-87.66185489700001,1,0,3,0 days 00:20:00
2014-07-27 15:00:00-05:00,41.897325214,-87.702310064,2,0,3,0 days 00:22:00
2014-07-27 15:00:00-05:00,41.982161273,-87.668500261,2,0,3,0 days 00:23:00
2014-07-27 15:00:00-05:00,41.766501833,-87.62979773200001,1,0,3,0 days 00:32:00
2014-07-27 15:00:00-05:00,41.974432325,-87.701310455,3,1,2,0 days 00:26:00
2014-07-27 15:00:00-05:00,41.923162196999996,-87.730404797,3,1,2,0 days 00:26:00
2014-07-27 15:00:00-05:00,41.897842829,-87.668563795,2,1,2,0 days 00:25:00
2014-07-27 15:00:00-05:00,41.926558908000004,-87.63129407299999,2,1,2,0 days 00:26:00
2014-07-27 15:00:00-05:00,41.853806245,-87.691788648,1,0,3,0 days 00:21:00
2014-07-27 15:00:00-05:00,41.709015404,-87.621554707,2,1,1,0 days 00:20:00
2014-07-27 15:00:00-05:00,41.936046155,-87.636780157,1,0,3,0 days 00:24:00
2014-07-27 15:00:00-05:00,41.990748249,-87.72136949899999,1,0,3,0 days 00:31:00
2014-07-27 15:00:00-05:00,41.820489899,-87.60640257899999,3,1,2,0 days 00:18:00
2014-07-27 15:00:00-05:00,41.891990384,-87.61146150200001,3,1,2,0 days 00:23:00
2014-07-27 15:00:00-05:00,41.763564409000004,-87.565358553,2,1,1,0 days 00:16:00
2014-07-27 15:00:00-05:00,41.937551928000005,-87.74556257100001,2,0,3,0 days 00:22:00
2014-07-27 15:00:00-05:00,41.684160442,-87.66269195,2,0,3,0 days 00:21:00
2014-07-27 15:00:00-05:00,41.837131797,-87.66573200799999,2,0,3,0 days 00:20:00
2014-07-27 15:00:00-05:00,41.700461001,-87.54377995,1,0,3,0 days 00:22:00
2014-07-27 15:00:00-05:00,41.696304549000004,-87.683788529,1,0,3,0 days 00:24:00
2014-07-27 15:01:00-05:00,41.817252837,-87.61399995200001,1,0,3,0 days 00:20:00
2014-07-27 15:07:00-05:00,41.909664252,-87.742728815,3,1,2,0 days 00:22:00
2014-07-27 15:10:00-05:00,41.696215644,-87.62418208700001,2,0,3,0 days 00:21:00
2014-07-27 15:14:00-05:00,41.967187945999996,-87.660327365,1,0,3,0 days 00:17:00
2014-07-27 15:15:00-05:00,41.911457535,-87.667713485,2,1,1,0 days 00:28:00
2014-07-27 15:15:00-05:00,41.853996428,-87.67688044799999,3,1,2,0 days 00:24:00
2014-07-27 15:20:00-05:00,41.890174212,-87.72945171,2,1,2,0 days 00:25:00
2014-07-27 15:20:00-05:00,41.756285081,-87.56268192299999,3,1,2,0 days 00:17:00
2014-07-27 15:22:00-05:00,41.782509635,-87.64297254600001,1,0,3,0 days 00:19:00
2014-07-27 15:22:00-05:00,41.917454119,-87.700803776,1,0,3,0 days 00:27:00
2014-07-27 15:24:00-05:00,41.784090819,-87.69230810799999,1,0,3,0 days 00:20:00
2014-07-27 15:29:00-05:00,41.893628633,-87.624224612,3,1,2,0 days 00:17:00
2014-07-27 15:30:00-05:00,41.880775433000004,-87.627029031,3,1,2,0 days 00:21:00
2014-07-27 15:30:00-05:00,41.72087667,-87.643200404,2,1,2,0 days 00:26:00
2014-07-27 15:30:00-05:00,41.964153816999996,-87.662366893,3,1,2,0 days 00:28:00
2014-07-27 15:30:00-05:00,41.747335746,-87.70110592700001,1,0,3,0 days 00:22:00
2014-07-27 15:30:00-05:00,41.838267999,-87.61349309399999,2,1,1,0 days 00:29:00
2014-07-27 15:30:00-05:00,41.902829815,-87.638551885,3,1,2,0 days 00:16:00
2014-07-27 15:30:00-05:00,42.003615539,-87.666165097,2,1,2,0 days 00:21:00
2014-07-27 15:30:00-05:00,41.669755906999995,-87.62481295100001,1,0,3,0 days 00:26:00
2014-07-27 15:30:00-05:00,41.791473706,-87.664519156,2,1,2,0 days 00:23:00
2014-07-27 15:30:00-05:00,41.700141778,-87.701128986,2,1,2,0 days 00:17:00
2014-07-27 15:32:00-05:00,41.881183664,-87.685081252,1,0,3,0 days 00:30:00
2014-07-27 15:40:00-05:00,41.836860408,-87.726114751,1,0,3,0 days 00:24:00
2014-07-27 15:40:00-05:00,41.929060661,-87.63563609200001,2,0,3,0 days 00:26:00
2014-07-27 15:45:00-05:00,41.976762981,-87.900983721,3,1,2,0 days 00:15:00
2014-07-27 15:47:00-05:00,41.678651004,-87.617837105,1,0,3,0 days 00:27:00
2014-07-27 15:55:00-05:00,41.785599113,-87.691134408,1,0,3,0 days 00:28:00
2014-07-27 15:57:00-05:00,41.793107519,-87.669416113,2,1,2,0 days 00:20:00
2014-07-27 15:57:00-05:00,41.804887068,-87.672936632,2,1,1,0 days 00:21:00
2014-07-27 16:00:00-05:00,41.800795191999995,-87.729253712,3,1,2,0 days 00:25:00
2014-07-27 16:00:00-05:00,41.939444419000004,-87.68959676799999,2,0,3,0 days 00:26:00
2014-07-27 16:00:00-05:00,41.804941518,-87.66244251100001,2,1,2,0 days 00:22:00
2014-07-27 16:00:00-05:00,41.692161285,-87.61826590000001,2,0,3,0 days 00:21:00
2014-07-27 16:00:00-05:00,41.902829815,-87.638551885,3,1,2,0 days 00:20:00
2014-07-27 16:00:00-05:00,41.847422891,-87.71731644299999,2,1,2,0 days 00:22:00
2014-07-27 16:00:00-05:00,41.83814912,-87.70851372,2,1,2,0 days 00:30:00
2014-07-27 16:00:00-05:00,41.738471239,-87.604221224,3,1,2,0 days 00:23:00
2014-07-27 16:00:00-05:00,41.886277156999995,-87.75772955299999,1,0,3,0 days 00:19:00
2014-07-27 16:00:00-05:00,41.786208322,-87.77914457700001,2,0,3,0 days 00:23:00
2014-07-27 16:00:00-05:00,41.722013357,-87.57534452899999,3,1,1,0 days 00:27:00
2014-07-27 16:00:00-05:00,41.760312162,-87.688018229,2,0,3,0 days 00:25:00
2014-07-27 16:00:00-05:00,41.880586939000004,-87.706110174,1,0,3,0 days 00:26:00
2014-07-27 16:01:00-05:00,41.80944831,-87.612278925,2,0,3,0 days 00:18:00
2014-07-27 16:05:00-05:00,41.742267488,-87.70219262299999,1,0,3,0 days 00:23:00
2014-07-27 16:08:00-05:00,41.787490612,-87.617871219,2,1,1,0 days 00:17:00
2014-07-27 16:10:00-05:00,41.799070171,-87.590427227,1,0,3,0 days 00:25:00
2014-07-27 16:11:00-05:00,41.845475807,-87.70993617299999,2,0,3,0 days 00:27:00
2014-07-27 16:12:00-05:00,41.72168521,-87.626773947,2,0,3,0 days 00:29:00
2014-07-27 16:15:00-05:00,41.719321482,-87.668004029,2,0,3,0 days 00:25:00
2014-07-27 16:15:00-05:00,41.903775756,-87.639324074,3,1,2,0 days 00:29:00
2014-07-27 16:15:00-05:00,41.938743235,-87.640782775,1,0,3,0 days 00:21:00
2014-07-27 16:15:00-05:00,41.883500186999996,-87.627876698,2,1,2,0 days 00:30:00
2014-07-27 16:15:00-05:00,41.848430856,-87.724676701,2,1,2,0 days 00:20:00
2014-07-27 16:15:00-05:00,41.823125769,-87.60272595100001,2,0,3,0 days 00:22:00
2014-07-27 16:19:00-05:00,41.801358685,-87.61938938700001,2,0,3,0 days 00:20:00
2014-07-27 16:20:00-05:00,41.787358454,-87.683856597,1,0,3,0 days 00:23:00
2014-07-27 16:23:00-05:00,41.844884745,-87.724578189,3,1,1,0 days 00:28:00
2014-07-27 16:24:00-05:00,41.916393505,-87.70205612,1,0,3,0 days 00:19:00
2014-07-27 16:24:00-05:00,41.91571093,-87.69277463700001,2,1,2,0 days 00:22:00
2014-07-27 16:25:00-05:00,41.793924612,-87.67358091700001,2,0,3,0 days 00:20:00
2014-07-27 16:25:00-05:00,41.882424852,-87.624377884,2,1,2,0 days 00:30:00
2014-07-27 16:28:00-05:00,41.866419172,-87.704750783,1,0,3,0 days 00:22:00
2014-07-27 16:30:00-05:00,41.976975886999995,-87.81824218700001,3,1,2,0 days 00:20:00
2014-07-27 16:30:00-05:00,41.756432941,-87.566323186,2,1,2,0 days 00:27:00
2014-07-27 16:30:00-05:00,41.925933733,-87.65605014,2,0,3,0 days 00:22:00
2014-07-27 16:30:00-05:00,41.976762981,-87.900983721,3,1,2,0 days 00:19:00
2014-07-27 16:30:00-05:00,41.892735185,-87.70400801299999,2,0,3,0 days 00:24:00
2014-07-27 16:30:00-05:00,41.828088836999996,-87.681394034,3,1,2,0 days 00:20:00
2014-07-27 16:30:00-05:00,41.82125427,-87.62153474700001,1,0,3,0 days 00:17:00
2014-07-27 16:32:00-05:00,41.705887536,-87.720214826,1,0,3,0 days 00:23:00
2014-07-27 16:34:00-05:00,41.897654247,-87.61932425100001,2,0,3,0 days 00:23:00
2014-07-27 16:40:00-05:00,41.886530514,-87.697047165,3,1,2,0 days 00:22:00
2014-07-27 16:45:00-05:00,41.947225886,-87.655545441,2,0,3,0 days 00:23:00
2014-07-27 16:47:00-05:00,41.884713074000004,-87.712452377,2,0,3,0 days 00:26:00
2014-07-27 16:50:00-05:00,41.976156279,-87.670754573,2,1,2,0 days 00:23:00
2014-07-27 16:50:00-05:00,41.767848463,-87.65661579200001,1,0,3,0 days 00:23:00
2014-07-27 16:51:00-05:00,41.877565688000004,-87.68489382899999,1,0,3,0 days 00:28:00
2014-07-27 16:52:00-05:00,41.763487997,-87.63735945100001,2,0,3,0 days 00:28:00
2014-07-27 16:55:00-05:00,41.976600325999996,-87.901514402,1,0,3,0 days 00:25:00
2014-07-27 16:59:00-05:00,41.90844467,-87.67251694,2,1,2,0 days 00:26:00
2014-07-27 17:00:00-05:00,41.947225886,-87.655545441,1,0,3,0 days 00:23:00
2014-07-27 17:00:00-05:00,41.947225886,-87.655545441,3,1,2,0 days 00:17:00
2014-07-27 17:00:00-05:00,41.89785512,-87.71395228200001,1,0,3,0 days 00:17:00
2014-07-27 17:00:00-05:00,41.80967154,-87.59429192700001,1,0,3,0 days 00:12:00
2014-07-27 17:00:00-05:00,41.810920872,-87.728593692,2,0,3,0 days 00:16:00
2014-07-27 17:00:00-05:00,41.904374621,-87.774226301,3,1,2,0 days 00:34:00
2014-07-27 17:00:00-05:00,42.016906591,-87.67536590899999,2,0,3,0 days 00:29:00
2014-07-27 17:00:00-05:00,41.868233549,-87.70482846600001,2,0,3,0 days 00:22:00
2014-07-27 17:00:00-05:00,41.768069037,-87.56718899100001,2,0,3,0 days 00:20:00
2014-07-27 17:00:00-05:00,41.656455999,-87.602332964,2,1,1,0 days 00:25:00
2014-07-27 17:00:00-05:00,41.845577671,-87.627475027,3,1,2,0 days 00:18:00
2014-07-27 17:00:00-05:00,41.899192536,-87.62533113,3,1,2,0 days 00:18:00
2014-07-27 17:00:00-05:00,41.924706904000004,-87.63993142,3,1,2,0 days 00:25:00
2014-07-27 17:00:00-05:00,41.7937966,-87.757446593,2,0,3,0 days 00:19:00
2014-07-27 17:00:00-05:00,41.810920872,-87.728593692,1,0,3,0 days 00:21:00
2014-07-27 17:00:00-05:00,41.723102506,-87.609336563,1,0,3,0 days 00:26:00
2014-07-27 17:05:00-05:00,41.760664270999996,-87.651574561,1,0,3,0 days 00:20:00
2014-07-27 17:15:00-05:00,41.780682383,-87.575970224,1,0,3,0 days 00:22:00
2014-07-27 17:15:00-05:00,41.902443046,-87.74038195899999,3,1,2,0 days 00:20:00
2014-07-27 17:29:00-05:00,41.744270923,-87.631704085,2,0,3,0 days 00:20:00
2014-07-27 17:30:00-05:00,41.963070794000004,-87.655984213,2,1,2,0 days 00:27:00
2014-07-27 17:30:00-05:00,41.855904553,-87.70902735,1,0,3,0 days 00:24:00
2014-07-27 17:30:00-05:00,41.859834107,-87.62081338,2,0,3,0 days 00:19:00
2014-07-27 17:30:00-05:00,41.732909886,-87.546998736,3,1,2,0 days 00:22:00
2014-07-27 17:30:00-05:00,41.935563036,-87.65881865200001,3,1,2,0 days 00:18:00
2014-07-27 17:31:00-05:00,41.744534088,-87.560653171,3,1,2,0 days 00:16:00
2014-07-27 17:35:00-05:00,41.976851851999996,-87.654999693,3,1,2,0 days 00:19:00
2014-07-27 17:36:00-05:00,41.752956423,-87.557000951,2,0,3,0 days 00:26:00
2014-07-27 17:39:00-05:00,41.749624207,-87.55406908399999,2,0,3,0 days 00:22:00
2014-07-27 17:40:00-05:00,41.747773806,-87.564960455,1,0,3,0 days 00:28:00
2014-07-27 17:40:00-05:00,41.882470918,-87.627847625,3,1,2,0 days 00:21:00
2014-07-27 17:40:00-05:00,41.750226733000005,-87.653729903,2,0,3,0 days 00:27:00
2014-07-27 17:45:00-05:00,41.885888079000004,-87.62794223799999,2,0,3,0 days 00:28:00
2014-07-27 17:45:00-05:00,41.799796042,-87.620972755,1,0,3,0 days 00:22:00
2014-07-27 17:45:00-05:00,41.875232942,-87.6276188,3,1,2,0 days 00:17:00
2014-07-27 17:48:13-05:00,41.781577992454174,-87.6040424428351,2,1,1,0 days 00:58:00
2014-07-27 17:55:00-05:00,41.884470186,-87.743956109,2,0,3,0 days 00:22:00
2014-07-27 18:00:00-05:00,41.973923557,-87.65775209799999,1,0,3,0 days 00:29:00
2014-07-27 18:00:00-05:00,41.756115649,-87.579751877,3,1,2,0 days 00:30:00
2014-07-27 18:00:00-05:00,41.880356034,-87.70203272,2,0,3,0 days 00:25:00
2014-07-27 18:00:00-05:00,41.722274343,-87.659053946,2,0,3,0 days 00:23:00
2014-07-27 18:00:00-05:00,41.9603617,-87.776354951,2,0,3,0 days 00:24:00
2014-07-27 18:00:00-05:00,41.888620109,-87.72099737100001,2,1,2,0 days 00:15:00
2014-07-27 18:00:00-05:00,41.885487535,-87.726422045,3,1,2,0 days 00:24:00
2014-07-27 18:05:00-05:00,41.793068134,-87.673057968,1,0,3,0 days 00:32:00
2014-07-27 18:08:00-05:00,41.752312456,-87.654202649,2,1,2,0 days 00:27:00
2014-07-27 18:09:00-05:00,41.73327429,-87.55133578,1,0,3,0 days 00:20:00
2014-07-27 18:22:00-05:00,41.828762286999996,-87.614436164,2,1,1,0 days 00:17:00
2014-07-27 18:25:00-05:00,41.772643726,-87.60819682799999,2,1,1,0 days 00:25:00
2014-07-27 18:25:00-05:00,41.876104083,-87.685084854,1,0,3,0 days 00:36:00
2014-07-27 18:30:00-05:00,41.773992948,-87.61065619899999,2,0,3,0 days 00:14:00
2014-07-27 18:30:00-05:00,41.751502882,-87.644063491,2,0,3,0 days 00:27:00
2014-07-27 18:30:00-05:00,41.778767609,-87.68607341100001,2,0,3,0 days 00:30:00
2014-07-27 18:30:00-05:00,41.970946126,-87.72810469,3,1,2,0 days 00:24:00
2014-07-27 18:34:00-05:00,41.733512576,-87.63746331899999,2,1,2,0 days 00:19:00
2014-07-27 18:35:00-05:00,41.960302524,-87.72780833799999,1,0,3,0 days 00:26:00
2014-07-27 18:45:00-05:00,41.749657946999996,-87.66342156,2,0,3,0 days 00:23:00
2014-07-27 18:47:00-05:00,41.763484107,-87.637623404,1,0,3,0 days 00:18:00
2014-07-27 18:48:00-05:00,41.740952792,-87.622730069,2,0,3,0 days 00:20:00
2014-07-27 18:48:00-05:00,41.967189655,-87.66015084700001,1,0,3,0 days 00:19:00
2014-07-27 18:49:00-05:00,41.773129404,-87.606450019,2,0,3,0 days 00:24:00
2014-07-27 18:50:00-05:00,41.871058927,-87.69663887600001,1,0,3,0 days 00:20:00
2014-07-27 18:55:00-05:00,41.79753089,-87.642811354,1,0,3,0 days 00:26:00
2014-07-27 18:57:00-05:00,41.763921478,-87.688117686,1,0,3,0 days 00:19:00
2014-07-27 19:00:00-05:00,41.747362616,-87.620816138,1,0,3,0 days 00:28:00
2014-07-27 19:00:00-05:00,41.967869957,-87.777506684,1,0,3,0 days 00:24:00
2014-07-27 19:00:00-05:00,41.912039075,-87.77531303200001,2,0,3,0 days 00:19:00
2014-07-27 19:00:00-05:00,41.70399846,-87.620617627,1,0,3,0 days 00:22:00
2014-07-27 19:00:00-05:00,41.766309725999996,-87.661430223,2,1,1,0 days 00:20:00
2014-07-27 19:00:00-05:00,41.906240526,-87.670996764,2,0,3,0 days 00:23:00
2014-07-27 19:00:00-05:00,41.953907167,-87.770698131,2,0,3,0 days 00:20:00
2014-07-27 19:00:00-05:00,41.935830577,-87.64425803,3,1,2,0 days 00:24:00
2014-07-27 19:00:00-05:00,41.840382129,-87.70735435200001,3,1,2,0 days 00:25:00
2014-07-27 19:00:00-05:00,41.929347672,-87.70783033,2,1,2,0 days 00:22:00
2014-07-27 19:00:00-05:00,41.747362616,-87.620816138,1,0,3,0 days 00:29:00
2014-07-27 19:00:00-05:00,41.725449081,-87.630135884,1,0,3,0 days 00:26:00
2014-07-27 19:00:00-05:00,41.936463459,-87.64637555200001,2,1,2,0 days 00:19:00
2014-07-27 19:00:00-05:00,41.878365364000004,-87.694392535,2,1,2,0 days 00:21:00
2014-07-27 19:00:00-05:00,41.871489164,-87.627516791,1,0,3,0 days 00:30:00
2014-07-27 19:00:00-05:00,41.916834572,-87.64968345,3,1,2,0 days 00:19:00
2014-07-27 19:00:00-05:00,41.821500805,-87.603533201,1,0,3,0 days 00:20:00
2014-07-27 19:00:00-05:00,41.791420658,-87.691296325,1,0,3,0 days 00:24:00
2014-07-27 19:00:00-05:00,41.886837638,-87.627057744,1,0,3,0 days 00:18:00
2014-07-27 19:00:00-05:00,41.979738594000004,-87.692710749,2,0,3,0 days 00:16:00
2014-07-27 19:00:00-05:00,41.94401137,-87.77010880200001,1,0,3,0 days 00:16:00
2014-07-27 19:00:00-05:00,41.911367051,-87.62640163799999,3,1,2,0 days 00:22:00
2014-07-27 19:06:00-05:00,41.897982936999995,-87.624095634,3,1,1,0 days 00:27:00
2014-07-27 19:09:00-05:00,41.745943567,-87.55035756,3,1,2,0 days 00:39:00
2014-07-27 19:10:00-05:00,41.730257119,-87.66367079700001,1,0,3,0 days 00:14:00
2014-07-27 19:12:00-05:00,41.875658652,-87.762477069,1,0,3,0 days 00:34:00
2014-07-27 19:15:00-05:00,41.75464997,-87.579717713,1,0,3,0 days 00:26:00
2014-07-27 19:20:00-05:00,41.669966483,-87.64044667200001,2,0,3,0 days 00:20:00
2014-07-27 19:23:00-05:00,41.927717843,-87.65193752,2,1,2,0 days 00:24:00
2014-07-27 19:25:00-05:00,41.926382903000004,-87.79655306299999,1,0,3,0 days 00:21:00
2014-07-27 19:25:00-05:00,41.845861036,-87.675675404,2,1,2,0 days 00:25:00
2014-07-27 19:25:00-05:00,41.935306462,-87.737442485,1,0,3,0 days 00:28:00
2014-07-27 19:26:00-05:00,41.816010621,-87.612836289,1,0,3,0 days 00:22:00
2014-07-27 19:26:00-05:00,41.700104464,-87.560771495,2,0,3,0 days 00:17:00
2014-07-27 19:27:00-05:00,41.806217446,-87.66855087100001,2,0,3,0 days 00:20:00
2014-07-27 19:28:00-05:00,41.759347127,-87.64790498,2,0,3,0 days 00:24:00
2014-07-27 19:29:00-05:00,41.746201375,-87.65847750799999,1,0,3,0 days 00:23:00
2014-07-27 19:30:00-05:00,41.922452753,-87.690186488,1,0,3,0 days 00:25:00
2014-07-27 19:30:00-05:00,41.695161763,-87.634024918,2,1,2,0 days 00:30:00
2014-07-27 19:30:00-05:00,41.880134665,-87.749404952,2,0,3,0 days 00:24:00
2014-07-27 19:30:00-05:00,41.843922218,-87.6269207,1,0,3,0 days 00:26:00
2014-07-27 19:30:00-05:00,41.669743339,-87.63803339399999,2,0,3,0 days 00:17:00
2014-07-27 19:30:00-05:00,41.925145559,-87.66862953,2,0,3,0 days 00:19:00
2014-07-27 19:30:00-05:00,41.99052591,-87.707614283,2,0,3,0 days 00:25:00
2014-07-27 19:30:00-05:00,41.961985475,-87.70949668200001,1,0,3,0 days 00:24:00
2014-07-27 19:30:00-05:00,41.969084088,-87.72316177100001,2,0,3,0 days 00:26:00
2014-07-27 19:30:00-05:00,41.885325435,-87.627930066,2,1,2,0 days 00:26:00
2014-07-27 19:30:00-05:00,41.858594819000004,-87.62721442700001,2,0,3,0 days 00:22:00
2014-07-27 19:30:00-05:00,41.74866653,-87.621318426,2,1,2,0 days 00:27:00
2014-07-27 19:30:00-05:00,41.710837231999996,-87.60398422,2,1,2,0 days 00:23:00
2014-07-27 19:34:00-05:00,41.75601366,-87.582197625,2,1,1,0 days 00:26:00
2014-07-27 19:34:00-05:00,41.836808691,-87.73088574399999,2,0,3,0 days 00:24:00
2014-07-27 19:35:00-05:00,41.891198474,-87.646552268,1,0,3,0 days 00:22:00
2014-07-27 19:35:00-05:00,41.876770211,-87.74617492700001,2,0,3,0 days 00:21:00
2014-07-27 19:36:00-05:00,41.812790638,-87.699244803,1,0,3,0 days 00:23:00
2014-07-27 19:41:00-05:00,41.909664252,-87.742728815,2,1,2,0 days 00:21:00
2014-07-27 19:45:00-05:00,41.909967734,-87.67682529700001,2,1,2,0 days 00:25:00
2014-07-27 19:45:00-05:00,41.899501867,-87.641868129,2,0,3,0 days 00:20:00
2014-07-27 19:45:00-05:00,41.879268101,-87.743618348,2,0,3,0 days 00:22:00
2014-07-27 19:45:00-05:00,41.895505083,-87.71174182,1,0,3,0 days 00:21:00
2014-07-27 19:45:00-05:00,41.904329661999995,-87.667996915,1,0,3,0 days 00:27:00
2014-07-27 19:49:00-05:00,41.780373605,-87.67029542600001,2,0,3,0 days 00:16:00
2014-07-27 19:50:00-05:00,41.738604322,-87.56238771700001,1,0,3,0 days 00:20:00
2014-07-27 19:50:00-05:00,41.960823612,-87.738774759,1,0,3,0 days 00:26:00
2014-07-27 19:55:00-05:00,41.867039673,-87.72831108,1,0,3,0 days 00:28:00
2014-07-27 19:55:00-05:00,41.903529422,-87.729781385,1,0,3,0 days 00:30:00
2014-07-27 19:55:00-05:00,41.699083448,-87.623290065,2,0,3,0 days 00:19:00
2014-07-27 20:00:00-05:00,41.761787516,-87.568861802,2,0,3,0 days 00:29:00
2014-07-27 20:00:00-05:00,41.78509371,-87.71864311899999,2,0,3,0 days 00:20:00
2014-07-27 20:00:00-05:00,41.742507962,-87.663239388,1,0,3,0 days 00:21:00
2014-07-27 20:00:00-05:00,41.917817402,-87.729022149,2,0,3,0 days 00:29:00
2014-07-27 20:00:00-05:00,41.929767015,-87.775919265,2,1,2,0 days 00:19:00
2014-07-27 20:00:00-05:00,41.740458809,-87.655895806,2,1,2,0 days 00:23:00
2014-07-27 20:00:00-05:00,41.921420251,-87.73524944200001,1,0,3,0 days 00:24:00
2014-07-27 20:00:00-05:00,41.764602959,-87.63342165700001,3,1,2,0 days 00:27:00
2014-07-27 20:00:00-05:00,41.797073505,-87.71016342899999,1,0,3,0 days 00:20:00
2014-07-27 20:00:00-05:00,41.899174132,-87.662489235,2,1,2,0 days 00:23:00
2014-07-27 20:00:00-05:00,41.763942547,-87.68067292399999,2,1,2,0 days 00:32:00
2014-07-27 20:00:00-05:00,41.919204086,-87.75968243700001,3,1,2,0 days 00:18:00
2014-07-27 20:00:00-05:00,41.962303896,-87.734245871,1,0,3,0 days 00:20:00
2014-07-27 20:00:00-05:00,41.680205303,-87.66025106200001,2,1,2,0 days 00:21:00
2014-07-27 20:00:00-05:00,41.972177117,-87.650603352,2,0,3,0 days 00:26:00
2014-07-27 20:14:00-05:00,41.882226355,-87.72571112,1,0,3,0 days 00:25:00
2014-07-27 20:15:00-05:00,41.770748795,-87.57275850399999,3,1,2,0 days 00:26:00
2014-07-27 20:15:00-05:00,41.807007819,-87.60432125700001,1,0,3,0 days 00:26:00
2014-07-27 20:15:00-05:00,42.004010705,-87.665693709,2,1,2,0 days 00:19:00
2014-07-27 20:15:00-05:00,41.966436454000004,-87.6561986,2,0,3,0 days 00:18:00
2014-07-27 20:20:00-05:00,41.712655533,-87.621741627,2,0,3,0 days 00:24:00
2014-07-27 20:25:00-05:00,41.750677723,-87.59303404399999,1,0,3,0 days 00:28:00
2014-07-27 20:29:00-05:00,41.80513194,-87.61804542799999,1,0,3,0 days 00:21:00
2014-07-27 20:30:00-05:00,41.750111323,-87.64403073700001,3,1,2,0 days 00:14:00
2014-07-27 20:30:00-05:00,41.904374200999996,-87.773014053,2,0,3,0 days 00:20:00
2014-07-27 20:30:00-05:00,41.769505798000004,-87.668801739,3,1,2,0 days 00:28:00
2014-07-27 20:30:00-05:00,41.961756662,-87.656042253,1,0,3,0 days 00:30:00
2014-07-27 20:30:00-05:00,41.91047253,-87.678241898,3,1,2,0 days 00:19:00
2014-07-27 20:30:00-05:00,41.769952001,-87.66153151700001,2,1,1,0 days 00:25:00
2014-07-27 20:30:00-05:00,41.695454765,-87.677674937,3,1,2,0 days 00:31:00
2014-07-27 20:30:00-05:00,41.7746266,-87.592942008,3,1,1,0 days 00:27:00
2014-07-27 20:30:00-05:00,41.861553084,-87.66011099299999,3,1,2,0 days 00:23:00
2014-07-27 20:30:00-05:00,41.78957138,-87.67296551,1,0,3,0 days 00:26:00
2014-07-27 20:30:00-05:00,41.852023717,-87.686627405,2,0,3,0 days 00:24:00
2014-07-27 20:30:00-05:00,41.77636259,-87.602190094,3,1,1,0 days 00:23:00
2014-07-27 20:33:00-05:00,41.736272399,-87.64413477,2,0,3,0 days 00:26:00
2014-07-27 20:34:00-05:00,42.014983475,-87.666900019,1,0,3,0 days 00:16:00
2014-07-27 20:44:00-05:00,41.869884208,-87.77183206299999,1,0,3,0 days 00:26:00
2014-07-27 20:45:00-05:00,41.91040681,-87.732460956,2,0,3,0 days 00:29:00
2014-07-27 20:55:00-05:00,41.885348124000004,-87.70962215700001,1,0,3,0 days 00:21:00
2014-07-27 20:56:00-05:00,41.759506191999996,-87.610279977,1,0,3,0 days 00:19:00
2014-07-27 20:58:00-05:00,41.768034001,-87.570998053,2,1,1,0 days 00:21:00
2014-07-27 21:00:00-05:00,41.815846214000004,-87.62301064100001,2,0,3,0 days 00:14:00
2014-07-27 21:00:00-05:00,41.840254542,-87.652601996,3,1,2,0 days 00:30:00
2014-07-27 21:00:00-05:00,41.880660786,-87.731186405,2,0,3,0 days 00:24:00
2014-07-27 21:00:00-05:00,41.791205125,-87.666942176,1,0,3,0 days 00:31:00
2014-07-27 21:00:00-05:00,41.719761776999995,-87.56114413899999,2,1,2,0 days 00:18:00
2014-07-27 21:00:00-05:00,41.74181305,-87.604967558,2,0,3,0 days 00:23:00
2014-07-27 21:00:00-05:00,41.969794801999996,-87.700845164,2,1,2,0 days 00:20:00
2014-07-27 21:00:00-05:00,41.992797595,-87.783628031,1,0,3,0 days 00:23:00
2014-07-27 21:00:00-05:00,41.878030672,-87.721627237,1,0,3,0 days 00:35:00
2014-07-27 21:00:00-05:00,41.807460693,-87.719863518,2,0,3,0 days 00:19:00
2014-07-27 21:00:00-05:00,41.911771615,-87.77279873100001,2,0,3,0 days 00:17:00
2014-07-27 21:00:00-05:00,41.777599278000004,-87.601604115,1,0,3,0 days 00:25:00
2014-07-27 21:00:00-05:00,41.840106225,-87.724436322,3,1,1,0 days 00:19:00
2014-07-27 21:00:00-05:00,42.002282312,-87.670505657,1,0,3,0 days 00:25:00
2014-07-27 21:00:00-05:00,42.007919177,-87.665351128,2,1,2,0 days 00:19:00
2014-07-27 21:00:00-05:00,41.843588067,-87.71354376299999,2,1,2,0 days 00:23:00
2014-07-27 21:05:00-05:00,41.692648889000004,-87.61856439600001,2,0,3,0 days 00:27:00
2014-07-27 21:06:00-05:00,41.702755544,-87.541031036,1,0,3,0 days 00:19:00
2014-07-27 21:10:00-05:00,41.721530181999995,-87.595984111,1,0,3,0 days 00:24:00
2014-07-27 21:12:00-05:00,41.874772171,-87.74505863200001,2,0,3,0 days 00:21:00
2014-07-27 21:15:00-05:00,41.73841774,-87.561166174,3,1,2,0 days 00:29:00
2014-07-27 21:20:00-05:00,41.702377922,-87.65484553,3,1,1,0 days 00:19:00
2014-07-27 21:20:00-05:00,41.764581624,-87.561127448,2,0,3,0 days 00:22:00
2014-07-27 21:20:00-05:00,41.940316396,-87.734609776,3,1,1,0 days 00:24:00
2014-07-27 21:25:00-05:00,41.705922618,-87.628242961,2,1,2,0 days 00:23:00
2014-07-27 21:30:00-05:00,41.822464598,-87.61669688200001,1,0,3,0 days 00:20:00
2014-07-27 21:30:00-05:00,41.927103515,-87.651076808,1,0,3,0 days 00:23:00
2014-07-27 21:30:00-05:00,41.909065931,-87.671272479,1,0,3,0 days 00:23:00
2014-07-27 21:30:00-05:00,41.916001304,-87.733845075,1,0,3,0 days 00:28:00
2014-07-27 21:30:00-05:00,41.803207698,-87.62105600000001,1,0,3,0 days 00:22:00
2014-07-27 21:30:00-05:00,41.886370445,-87.70989132,1,0,3,0 days 00:17:00
2014-07-27 21:30:00-05:00,41.996792844,-87.66416888299999,2,1,2,0 days 00:20:00
2014-07-27 21:30:00-05:00,41.65675095,-87.605132705,3,1,1,0 days 00:26:00
2014-07-27 21:32:00-05:00,41.778883826,-87.664206366,3,1,1,0 days 00:23:00
2014-07-27 21:32:00-05:00,41.769690615,-87.713654417,2,0,3,0 days 00:27:00
2014-07-27 21:35:00-05:00,41.793835427,-87.74239618600001,2,0,3,0 days 00:32:00
2014-07-27 21:40:00-05:00,41.769626220999996,-87.666377414,1,0,3,0 days 00:23:00
2014-07-27 21:41:00-05:00,41.798555829,-87.669572591,1,0,3,0 days 00:23:00
2014-07-27 21:45:00-05:00,41.769626220999996,-87.666377414,1,0,3,0 days 00:26:00
2014-07-27 21:55:00-05:00,41.670704760999996,-87.625146602,1,0,3,0 days 00:34:00
2014-07-27 21:56:00-05:00,41.962949705,-87.71373771200001,2,0,3,0 days 00:19:00
2014-07-27 22:00:00-05:00,41.695279435,-87.626345365,2,1,2,0 days 00:22:00
2014-07-27 22:00:00-05:00,41.737223436,-87.611310394,1,0,3,0 days 00:20:00
2014-07-27 22:00:00-05:00,41.871860173,-87.652145584,2,0,3,0 days 00:22:00
2014-07-27 22:00:00-05:00,41.74264744,-87.654740549,3,1,2,0 days 00:21:00
2014-07-27 22:00:00-05:00,41.843576950999996,-87.71965075899999,3,1,1,0 days 00:18:00
2014-07-27 22:00:00-05:00,41.934211103,-87.74054352299999,2,0,3,0 days 00:30:00
2014-07-27 22:00:00-05:00,42.018387973,-87.682986716,3,1,2,0 days 00:19:00
2014-07-27 22:00:00-05:00,41.884790951,-87.624469241,2,1,2,0 days 00:23:00
2014-07-27 22:00:00-05:00,41.967810369,-87.765332219,1,0,3,0 days 00:24:00
2014-07-27 22:00:00-05:00,41.901353283,-87.66866329700001,2,1,2,0 days 00:35:00
2014-07-27 22:00:00-05:00,41.848162428,-87.70339536700001,2,0,3,0 days 00:19:00
2014-07-27 22:00:00-05:00,41.922897215999996,-87.64519826,1,0,3,0 days 00:22:00
2014-07-27 22:00:00-05:00,41.860105385,-87.720116811,1,0,3,0 days 00:19:00
2014-07-27 22:00:00-05:00,41.868165405,-87.62743954,2,0,3,0 days 00:17:00
2014-07-27 22:00:00-05:00,41.791739951,-87.65238214799999,3,1,1,0 days 00:24:00
2014-07-27 22:00:00-05:00,41.936239553,-87.721280792,3,1,2,0 days 00:29:00
2014-07-27 22:00:00-05:00,41.718940317,-87.62981125399999,1,0,3,0 days 00:22:00
2014-07-27 22:00:00-05:00,41.880111727,-87.753543615,1,0,3,0 days 00:23:00
2014-07-27 22:00:00-05:00,41.772635625999996,-87.58384403,1,0,3,0 days 00:16:00
2014-07-27 22:00:00-05:00,41.941582267,-87.664647229,2,1,2,0 days 00:25:00
2014-07-27 22:01:00-05:00,41.716815748,-87.53286987,2,0,3,0 days 00:17:00
2014-07-27 22:10:00-05:00,41.751457646,-87.552892516,1,0,3,0 days 00:24:00
2014-07-27 22:10:00-05:00,41.748055645,-87.653672181,2,0,3,0 days 00:20:00
2014-07-27 22:10:00-05:00,41.887351767,-87.755318084,1,0,3,0 days 00:24:00
2014-07-27 22:10:00-05:00,41.801355133,-87.64534127700001,2,0,3,0 days 00:25:00
2014-07-27 22:15:00-05:00,41.914175825,-87.637870389,2,0,3,0 days 00:22:00
2014-07-27 22:15:00-05:00,41.829643233,-87.68014540899999,2,0,3,0 days 00:26:00
2014-07-27 22:17:00-05:00,41.887966168,-87.63479069600001,2,0,3,0 days 00:15:00
2014-07-27 22:25:00-05:00,41.973191245,-87.90058129299999,2,1,2,0 days 00:27:00
2014-07-27 22:28:00-05:00,41.877289171,-87.745160395,2,0,3,0 days 00:15:00
2014-07-27 22:30:00-05:00,41.904151766999995,-87.666187742,3,1,2,0 days 00:18:00
2014-07-27 22:30:00-05:00,41.961195991,-87.706629167,1,0,3,0 days 00:29:00
2014-07-27 22:30:00-05:00,41.923560941999995,-87.79989487299999,2,1,2,0 days 00:21:00
2014-07-27 22:30:00-05:00,41.738599138000005,-87.552678161,2,1,2,0 days 00:25:00
2014-07-27 22:30:00-05:00,41.710835132,-87.660308861,1,0,3,0 days 00:34:00
2014-07-27 22:31:00-05:00,41.768011476,-87.64570865299999,1,0,3,0 days 00:24:00
2014-07-27 22:35:00-05:00,41.880655171,-87.73168586700001,2,0,3,0 days 00:21:00
2014-07-27 22:35:00-05:00,41.907556016,-87.677386363,1,0,3,0 days 00:18:00
2014-07-27 22:40:00-05:00,41.984734204,-87.77830161799999,2,0,3,0 days 00:22:00
2014-07-27 22:40:00-05:00,41.671630191,-87.65388378,2,0,3,0 days 00:24:00
2014-07-27 22:45:00-05:00,41.748488807,-87.66718624399999,1,0,3,0 days 00:17:00
2014-07-27 22:50:00-05:00,41.684874134,-87.65756650799999,2,0,3,0 days 00:27:00
2014-07-27 22:58:00-05:00,41.886370445,-87.70989132,2,0,3,0 days 00:24:00
2014-07-27 23:00:00-05:00,41.669598818000004,-87.636827116,3,1,1,0 days 00:20:00
2014-07-27 23:00:00-05:00,41.714379226999995,-87.615166494,3,1,1,0 days 00:23:00
2014-07-27 23:00:00-05:00,41.770227469,-87.676422857,2,0,3,0 days 00:30:00
2014-07-27 23:00:00-05:00,41.698903304,-87.657123052,2,0,3,0 days 00:27:00
2014-07-27 23:00:00-05:00,41.90977667,-87.676526004,2,0,3,0 days 00:21:00
2014-07-27 23:00:00-05:00,41.90595849,-87.680690564,2,1,2,0 days 00:24:00
2014-07-27 23:00:00-05:00,41.812891201999996,-87.69067477700001,3,1,2,0 days 00:22:00
2014-07-27 23:00:00-05:00,41.73889746,-87.568059786,2,1,1,0 days 00:22:00
2014-07-27 23:00:00-05:00,41.807721905,-87.65643473899999,3,1,2,0 days 00:23:00
2014-07-27 23:00:00-05:00,41.91985952,-87.73276176700001,2,0,3,0 days 00:23:00
2014-07-27 23:00:00-05:00,41.998247799,-87.70455139100001,2,0,3,0 days 00:23:00
2014-07-27 23:00:00-05:00,41.831685935,-87.64369195,2,1,2,0 days 00:17:00
2014-07-27 23:00:00-05:00,41.967875229,-87.760161592,3,1,2,0 days 00:25:00
2014-07-27 23:10:00-05:00,41.910116718000005,-87.677444645,3,1,1,0 days 00:22:00
2014-07-27 23:10:00-05:00,41.879221655,-87.699359622,2,0,3,0 days 00:19:00
2014-07-27 23:10:00-05:00,41.708124063,-87.62475438700001,2,0,3,0 days 00:32:00
2014-07-27 23:15:00-05:00,41.908986567,-87.65253719799999,2,0,3,0 days 00:18:00
2014-07-27 23:15:00-05:00,41.909925013,-87.755687599,3,1,1,0 days 00:16:00
2014-07-27 23:15:00-05:00,41.951489464,-87.64845302799999,2,0,3,0 days 00:26:00
2014-07-27 23:20:00-05:00,41.764062712,-87.694237602,2,0,3,0 days 00:22:00
2014-07-27 23:22:00-05:00,41.705052523,-87.62821950899999,1,0,3,0 days 00:18:00
2014-07-27 23:23:00-05:00,41.932393917,-87.74417664200001,2,0,3,0 days 00:21:00
2014-07-27 23:30:00-05:00,41.988719229000004,-87.66838420799999,2,0,3,0 days 00:21:00
2014-07-27 23:30:00-05:00,41.880017466999995,-87.745260227,2,0,3,0 days 00:25:00
2014-07-27 23:30:00-05:00,41.862941942,-87.707215118,1,0,3,0 days 00:21:00
2014-07-27 23:30:00-05:00,41.883267,-87.733651739,2,0,3,0 days 00:20:00
2014-07-27 23:30:00-05:00,41.924467544,-87.76354510799999,2,0,3,0 days 00:31:00
2014-07-27 23:30:00-05:00,41.915498138000004,-87.71401319,1,0,3,0 days 00:16:00
2014-07-27 23:30:00-05:00,41.823320055,-87.62320320299999,2,0,3,0 days 00:28:00
2014-07-27 23:35:00-05:00,41.808069268000004,-87.70803582,1,0,3,0 days 00:20:00
2014-07-27 23:40:00-05:00,41.777764026,-87.656221926,2,0,3,0 days 00:26:00
2014-07-27 23:44:00-05:00,41.916112944,-87.73262788299999,1,0,3,0 days 00:17:00
2014-07-27 23:45:00-05:00,41.894038046,-87.72114763100001,2,0,3,0 days 00:30:00
2014-07-27 23:45:00-05:00,41.703188815,-87.614877226,2,1,2,0 days 00:30:00
2014-07-27 23:45:00-05:00,41.824384492,-87.69465802299999,1,0,3,0 days 00:22:00
2014-07-27 23:45:00-05:00,41.984105656,-87.689463379,2,1,2,0 days 00:24:00
